iso3,country_name,cost_of_living_index,cpi_and_rent_index,rent_index,groceries_index,restaurant_price_index,purchasing_power_incl_rent_index,quality_of_life_index,safety_index,health_care_index,pollution_index,property_price_to_income_ratio,year_last_update
AFG,Afghanistan,21.29294321048801,12.609945609053883,2.230566642522776,18.404531387441143,15.105835869856165,42.795920542381296,,24.61294339747462,24.77036852036852,84.44057475188711,9.117110728824988,
ALA,Aland Islands,61.76030355352452,40.59913584633127,15.303749495999686,61.2430085095226,68.89204996366173,132.59142455864935,211.35723558290493,72.25961074084806,82.22222222222223,18.045977011494255,5.333333333333333,
ALB,Albania,45.83324552522575,31.00182060692898,13.272807320638403,46.3560792097167,43.84548048279003,49.43055913934405,106.82296694789463,55.63229572498296,48.14005590717919,77.1460185702708,14.788531718106592,
GGY,Guernsey,75.77780011287368,65.5821308222161,53.39455226435954,83.5582543547123,72.42026527121953,141.29113307892464,215.8281078008807,75.88935574229693,61.111111111111114,11.49425287356322,11.376564277588168,
DZA,Algeria,27.61721916966718,16.5921684669372,3.4131737670015294,37.11579988104493,16.41028843207625,38.64907389181938,107.34871402789804,46.97836559974253,54.521036604486675,63.798327319765356,16.031140920640965,
ASM,American Samoa,,,9.203282840015232,,,,,54.411764705882355,,78.44827586206897,,
AND,Andorra,55.39020645756712,44.49741007156102,31.476507972389197,52.68548716011476,55.92965184316168,135.48843756659446,,86.46325290066885,75.55555555555556,22.978927203065133,8.915616545074867,
AGO,Angola,42.301536257520034,33.8926042346651,23.84083453768916,39.35274254847382,35.08032566894413,216.85609046603855,138.66585595418906,34.16709289729842,36.160714285714285,92.0726279017354,7.93520550951956,
AIA,Anguilla,,,,,93.2188481300885,,,75.07002801120449,77.08333333333333,,1.3589285714285715,
ATG,Antigua And Barbuda,,,33.34715506070317,92.38756941193907,53.036880374117146,,,48.625528642829686,50.0,38.218390804597696,,
ARG,Argentina,41.29443946079389,27.619724874769,11.273406303396804,41.04374098159553,47.9375766582046,51.31190191384739,124.63517961751334,36.807441907653335,67.7979466707925,50.374297589244016,13.568782515922972,
ARM,Armenia,40.78751404111887,28.796230246243987,14.4622312616453,36.14698868165564,40.442727549702305,45.18530105019794,123.26970616921406,77.8930886242114,59.53183124042663,61.37835057351937,19.054031318030166,
ABW,Aruba,74.16150840523267,50.59057230773571,22.41462552279123,72.71056815649484,69.01147178735498,84.50273805352295,,69.19406444980729,79.16666666666667,33.91065830721003,4.766001119301981,
AUS,Australia,69.01596883887987,52.513966191075525,32.787997458805975,77.96096771834289,66.56493852364143,147.43492262265244,191.4304764145738,52.59198893685917,71.81992003231123,27.88610616273162,8.349109904384669,
AUT,Austria,70.93003897383286,49.69521560867018,24.31178362914623,72.44190244542568,71.34886943183322,127.44053282984144,200.0892078120263,70.67680086821358,77.24665832281875,20.70503838353439,9.750192947033792,
AZE,Azerbaijan,30.764956839716227,20.805369216214913,8.899995169167015,29.413382539110167,35.14541082352794,45.080478287797426,113.62958127625339,68.44825934878787,49.01623385333103,72.02926326808905,17.496317558635795,
BHS,Bahamas,99.95986800399861,76.4498971401072,48.346826254986816,101.36766127421176,113.85470271461588,65.55771450045694,120.40813825104429,43.36116744801116,39.52020202020202,60.75630252100841,7.620413083833832,
BHR,Bahrain,47.235817562554715,35.09922655983749,20.59153196388505,44.768684364443075,46.69752339064351,130.43437022604712,166.07471955748233,77.38244927837412,66.60331384015595,71.56634622423367,5.088688017806053,
BGD,Bangladesh,22.73989816342199,13.491142453195526,2.4354742506091567,26.961144515970386,16.963015073112157,36.467320404964255,73.61949272536975,38.605944815969934,41.96714490689692,85.42980581715791,14.440124965557805,
BRB,Barbados,,,26.08018200405415,74.92810623097529,72.75062839686115,,,55.28643065902388,71.88271604938272,24.391078270388615,14.308172601075885,
BLR,Belarus,31.634001981313975,21.837173907548866,10.126357445873897,32.02722458409315,35.04812714088117,68.86357308250804,137.82581524966557,51.66753208350538,49.780243020331724,44.24492775909181,9.978364626622053,
BEL,Belgium,68.3612625873948,47.53733679386966,22.645078693254646,66.60022637269921,80.40751318894534,132.86159147399493,175.31405354578533,50.62211757109283,75.72379422620575,49.45540302182958,6.130689288914816,
BLZ,Belize,46.376362872332066,31.235998813926447,13.137689512599039,51.81954934381904,38.987607226957934,72.50083962726175,,48.212028456553526,47.368480774376025,52.80135573239022,6.393578359010469,
BEN,Benin,,,4.245714825819235,31.28920981234749,38.19210586707019,,,63.338383430295195,51.388888888888886,97.41379310344827,,
BMU,Bermuda,136.14859906922044,121.74229242821404,104.52145199974699,144.02035624091783,147.73441287120016,114.72619564624587,186.10818712787892,63.55293853692378,68.85439360929557,14.948867478025692,8.672848990938261,
BTN,Bhutan,23.98552719803069,14.127201134135989,2.342871932444881,23.070412885316657,15.577397745960642,79.39931721587992,172.0692458137942,70.21843825249398,73.28042328042328,51.60843920145191,14.060258249641322,
BOL,Bolivia,27.548591071012083,18.801402897016178,8.345292563130172,28.70506472740989,22.373167754146383,46.64318374111243,97.84375786176122,35.816062129161764,47.14976881643549,72.59365708532462,11.547252644053579,
BES,Bonaire,,,26.823243149104226,,83.38110975005225,,,62.94642857142858,,,,
BIH,Bosnia And Herzegovina,38.644840061920014,24.598646382932362,7.808273527430579,39.20651029907859,31.994982900278444,71.16627484958428,137.93029012778223,58.87732841821086,54.64819257106475,59.934114177663226,12.727195769286341,
BWA,Botswana,32.110355420764854,20.33289344315521,6.254490253301613,31.39213637407116,29.773460838675703,83.3526899846952,155.18513715873365,48.8814188179305,62.69675925925927,45.65574355679304,10.08924644231292,
BRA,Brazil,31.3532996654202,20.924460730903196,8.458158602201904,31.211770247481535,27.204217858580844,48.71239856296727,118.39760249955233,36.059250158337996,59.25688269357349,52.7699454146685,15.151907186427149,
VGB,British Virgin Islands,,,45.780432588793715,83.13949466008313,79.66342613369862,,,59.31372549019608,,68.10344827586206,,
BRN,Brunei,48.26763744285741,33.117840728281685,15.00825592999521,66.58692569537142,33.44839362239826,143.23553405607248,194.44869709975464,70.64057248223246,74.18981481481482,35.48798201909146,4.698434045187202,
BGR,Bulgaria,41.2632241301171,27.253050523175133,10.505734915334253,42.52149610744838,42.48315008816166,88.29137386523782,149.23376702125464,64.5984110775609,58.2669377480101,62.56387995229395,8.534373553385977,
BFA,Burkina Faso,,,13.227573582750354,56.20841844423508,24.932821588084142,,,53.47462514417531,49.30555555555556,,1.6843405553821738,
BDI,Burundi,,,11.026929349036909,43.81877545683624,36.19703472541505,,,43.443627450980394,34.44444444444444,87.84482758620689,32.23954526076939,
KHM,Cambodia,34.77762812776365,23.35964661907681,9.71095494007286,41.824099649764726,25.31688933129387,23.680727804246573,69.73011237470989,50.41347291227967,51.55550562358786,77.08047102203716,37.09958091354814,
CMR,Cameroon,40.68261688850651,30.49562533907546,18.31841987688219,37.84008816823147,45.37924280497235,11.246219218209129,30.737694807019864,34.83932522025585,45.52777777777778,91.90262067745597,45.7238881388857,
CAN,Canada,62.484294841015,47.667116552121044,29.955133233170688,69.41555847897969,63.6443019263972,128.66076080307522,173.99789102733604,54.29290650737443,68.54926389770941,29.846760336809222,7.400699087813553,
CPV,Cape Verde,46.11175245906359,28.945432457052117,8.42535990374499,57.207985964532305,35.43591035006442,22.492872853174063,110.76287174162884,49.68148255291422,67.28395061728395,81.03448275862068,13.739192440016366,
CYM,Cayman Islands,117.39965433016226,98.04826782486522,74.91623632077729,124.34566663315185,105.32234164298984,155.23432109482079,198.90624712297262,69.46161783448599,62.276234567901234,23.95644283121597,6.905395730534304,
CAF,Central African Republic,,,,,,,,21.986102133160955,41.666666666666664,84.82758620689656,9.416463923148266,
TCD,Chad,,,9.655718156185328,39.21016603868057,,,,29.688693659281896,41.52777777777778,60.560344827586206,2.6907085064170126,
CHL,Chile,40.26870290013978,27.2056888616123,11.590577655247495,43.803350903203146,40.80852701645112,55.56505159380036,110.35943326301143,39.31763164558689,63.63824336446211,77.31411262550306,15.257356938796923,
CHN,China,30.26469155774127,20.885622514307155,9.6741819008738,34.935809572985754,21.0390153045548,99.93385697439197,138.06368729679795,76.85906171464718,69.36750030185546,76.4038369545354,19.681543030729603,
COL,Colombia,32.5374055967998,22.611153367550465,10.745627389777953,33.77911108314603,27.570693703622894,43.1838832200403,107.09272658960064,38.863406704116436,68.89916400540315,62.23821397227199,16.639374565933927,
COM,Comoros,,,19.053857480605014,,25.418045890774003,,,54.65686274509805,,,11.145404663923182,
COK,Cook Islands,,,6.738692515502927,64.59671596953612,52.36977530638527,,,69.08263305322129,,8.620689655172415,3.530698574867622,
CRI,Costa Rica,53.48582044526082,38.13159491588552,19.77764241903685,60.01000802603694,48.24878762753922,53.26934894846597,128.32229429731416,46.05633628676907,64.79891037238627,41.43972916008844,9.985429514179817,
HRV,Croatia,52.153950765584845,36.26014304198973,17.2611911642274,48.84854331749646,55.17540544180387,92.77511923210686,178.45206265135118,75.61770820448129,65.05243490653251,32.102958592938286,12.46073334889509,
CUB,Cuba,41.89523566833277,27.830420758672865,11.017788676710106,41.194459732632886,26.503388795300754,2.5777776728622555,,64.62622162616282,59.30470787926928,65.56139613120271,51.19641898095837,
CUW,Curacao,,,20.181920818915128,,62.0369717043794,,,45.55831357289103,45.06172839506173,55.459770114942536,2.1301775147928996,
CYP,Cyprus,58.54930947777477,43.43702974667996,25.37229155633972,54.56908189160548,60.56731565556864,93.74594064610923,160.30475845984122,66.52981969862628,56.394455641202086,55.76946907181415,8.193573651815777,
CZE,Czech Republic,52.50572438834765,37.322360505853034,19.172650583426762,50.19906916426334,42.83091593509192,97.86470403637483,176.08510494184426,73.2518713096623,75.48246583916847,34.49152880047176,13.177578146187445,
COD,Democratic Republic of the Congo,50.24061416425353,41.74802406571899,31.59625216778123,48.17626793286033,66.20501199836477,28.50690353531244,45.29988131483777,32.480464250362644,25.0,83.2183908045977,21.323986864949493,
DNK,Denmark,78.5069913790973,55.02022593919848,26.94489407932652,72.77312779574811,93.11750767333908,159.33455706605716,215.17584128148735,73.81023868773322,76.30633838804134,22.927768725173706,6.034350523484352,
DJI,Djibouti,72.21873668261884,48.7644392704741,20.727918657572843,70.58915709181338,59.36944716075951,119.13272345676813,,46.35695187165775,,64.59770114942529,16.489510445703083,
DMA,Dominica,54.87260200212016,35.4638869210363,12.263326662131648,68.10062690738695,41.712027859573,32.75665232688251,,46.41943734015346,36.57407407407407,20.689655172413794,0.6182750476709997,
DOM,Dominican Republic,38.36464271295449,27.409799306227256,14.314728173344918,39.48117093672593,35.913487408255776,39.75341862762677,95.6885915320256,40.04787523949986,58.0869534624575,72.67235162240823,15.7573047308826,
ECU,Ecuador,30.763531672887456,20.511490666298503,8.25652715344109,33.75444996141457,26.71594484731006,51.59907765100852,129.55024406081498,38.072389802142695,77.62069201224631,58.95918644083275,11.600155676762386,
EGY,Egypt,21.795993660928108,13.615631595800808,3.83708715126848,22.519269647929878,20.39340438944907,22.82449818011561,81.91393196984754,53.62405737381709,47.86920417901947,82.48623767521134,20.660056120515573,
SLV,El Salvador,39.52526225135904,28.82682619965283,16.038256257917833,42.44601692640855,34.7849661039164,34.24114611629096,89.39322679384244,43.22519679064012,51.87492275367692,73.95399629826771,22.179777802539288,
GNQ,Equatorial Guinea,58.41760904483525,34.93429997777632,6.8630997559862195,59.96116539356732,55.125037292963285,46.98235243126256,,52.15974625144175,42.592592592592595,59.85221674876847,4.6593658042,
ERI,Eritrea,,,7.787393172320581,,,,,73.48713011344692,55.55555555555556,15.517241379310345,25.00287205435297,
EST,Estonia,59.60319716606812,39.61143377281912,15.713916119067466,53.952796124575755,66.79617464161994,96.46907294066742,193.77773305519332,76.7895992407929,75.3123881765552,16.107105269448244,9.976731457665892,
SWZ,Eswatini,29.006081330515393,18.52194266647077,5.989537001195999,28.52968410045505,25.079985176970315,69.62525479135996,173.12133911651586,57.69710681475387,61.111111111111114,30.09404388714734,2.1615447154471545,
ETH,Ethiopia,41.77364107747113,30.782599805136762,17.64425889582906,44.74695582064794,22.92901003480714,13.398338925875192,53.04085577043763,49.59589157194642,52.493311036789294,73.83466168063497,44.19569954858388,
FLK,Falkland Islands,,,36.1322476780272,,,,,55.63725490196079,,3.4482758620689653,,
FRO,Faroe Islands,,,25.8004571453282,83.81480574029128,109.36169843444033,,,83.7785237851135,66.94444444444444,4.926108374384237,8.98182990392278,
FJI,Fiji,34.446533245311926,26.32829082572493,16.624002228300384,43.704747617846465,32.64634538767145,64.51038355806439,126.91066509605147,42.922510347268,48.44866796621182,53.43719854155426,6.096063805342424,
FIN,Finland,68.55629563239694,46.84507916888826,20.892182042448194,68.41381683568511,74.1165322387184,135.14449495710548,205.9748921454303,73.66829974499038,77.51043844453403,11.757701481203316,7.143548793385572,
FRA,France,67.58247819850418,46.54039343649058,21.38735504860298,73.13814247380196,66.51923681739387,126.05209084980538,171.73923725049008,44.19022880832936,76.97902988786645,43.45004094342923,8.517041514300832,
GUF,French Guiana,85.68817635882505,58.45339515869126,25.89780455250974,111.05915371223216,72.26597343265252,81.85966490399514,,36.8684012066365,55.55555555555556,37.301061007957564,7.333333333333333,
PYF,French Polynesia,,,30.193513134947814,107.11268062565414,64.72699098275979,,,79.03527200353825,88.19444444444444,52.298850574712645,21.129685882200075,
ATF,French Southern Territories,,,,,,,,53.6764705882353,38.888888888888886,37.701149425287355,,
GAB,Gabon,,,21.578880632876636,72.52894973256176,75.82716728574384,,,40.40247678018576,31.48148148148148,76.46551724137932,,
GMB,Gambia,30.80005543840827,17.9081013803815,2.4974698301358127,30.375491312099907,47.22665963500787,7.000009316208784,0.0,39.29187192118226,66.66666666666667,61.666666666666664,106.20668766830002,
GEO,Georgia,33.11637937003665,23.421010275426898,11.831474648153744,32.48835646417474,36.166269848105024,46.79583281265715,127.53058549268403,73.71512173468449,56.333469373969564,68.50294372902624,12.620146782806183,
DEU,Germany,68.54007319639724,47.842411459513926,23.101085393421247,65.05108377588846,66.73610524652851,148.81824486512335,198.06427176819662,60.97557349792646,71.35156332668215,28.943646779066565,7.623848846396598,
GHA,Ghana,33.87591940663472,23.237655137972347,10.521012630514274,37.209910903379544,34.93498988507183,19.268297183600748,43.00069183148321,55.03742602633388,56.98221454186225,86.34626223918131,54.63937355401344,
GIB,Gibraltar,70.80790307125314,62.23735868442994,51.99240271143493,62.09783023566976,79.31601124710629,94.40548793706382,169.24383029062616,79.77391064907903,73.26388888888889,54.78927203065135,18.866256168264243,
GRC,Greece,53.74404578894375,35.161386493199416,12.948267028026915,51.12476850504283,59.00482577066069,68.59965075060384,142.31211378901233,53.84978999820742,58.74688311547587,49.45716486424858,12.045820457256367,
GRL,Greenland,97.05141594859772,62.61231777137945,21.44491595292455,120.31647366571079,88.00287096608133,138.65836224882742,,61.27366189202224,51.388888888888886,77.11080121703856,4.933816718200367,
GRD,Grenada,76.4458620245389,48.55646672008752,15.218371248947129,69.22055687679442,53.61804332851381,36.5707648828923,,75.78267849029096,58.888888888888886,49.17711598746081,164.83170906482025,
GLP,Guadeloupe,,,27.02283694789134,95.07422591806923,,,,55.7422969187675,93.05555555555556,75.86206896551724,8.461145194274028,
GUM,Guam,,,44.19710834928438,104.4560022187255,71.76299180239918,,,36.343960238054166,36.18686868686868,49.895793861311105,,
GTM,Guatemala,44.453408461281455,32.459546805193746,18.122466327350516,50.78948116101937,40.44070663206929,36.999345340344966,103.97102864985882,43.464082729261676,67.20871327254306,73.47438020665085,14.578928360085929,
GGY,Guernsey,75.77780011287368,65.5821308222161,53.39455226435954,83.5582543547123,72.42026527121953,141.29113307892464,215.8281078008807,75.88935574229693,61.111111111111114,11.49425287356322,11.376564277588168,
GIN,Guinea,,,18.23551911909863,47.42144931990324,35.82469091542563,,,39.95389822595705,100.0,106.66666666666666,,
GNB,Guinea-Bissau,,,8.970378264602761,,,,,47.77369281045751,44.90740740740741,,,
GUY,Guyana,50.74842539857375,37.8449973007277,22.420650048482774,62.92317817393606,53.89127189002534,56.85032194555362,106.23620355991426,33.065687934031246,49.59052219921786,60.088192777847944,11.425632225925751,
HTI,Haiti,55.66348146735541,43.228203288438735,28.363467548802795,50.37822360717449,62.25434818956862,58.21698610423345,,20.483759934418046,32.71604938271605,94.30076628352491,6.118866979793114,
HND,Honduras,37.16707653611825,25.315765960487134,11.14908650704395,40.209021342840416,33.8846607357845,44.61955651058978,94.42470941539285,28.11747647256768,37.00747863247863,75.5245324448496,10.242771749634997,
HKG,Hong Kong (China),74.7759090421279,67.11854532607772,57.965176461813314,75.00687621848337,50.76316284323059,98.66486626136965,128.9570684207928,78.57769931791387,66.5334576942928,66.15218465195561,31.75632797510356,
HUN,Hungary,46.8476740049393,31.5358128809547,13.232501445917356,45.5713955508102,45.60605310495774,84.44114294679379,149.52637283677143,66.61232082224879,54.21856196752298,46.21126659074118,12.648980873089888,
ISL,Iceland,97.84118484779978,75.09610697470467,47.90736482543549,106.28803744878348,105.06117146060502,123.83355612545523,198.294282088091,74.76020252879475,68.69809181590007,17.131706157285215,7.502676003293537,
IND,India,18.504283865725395,11.910049542701104,4.027511717115238,21.29551405988478,15.242444692769386,78.39144918217877,122.76172365949049,55.82132562374134,65.5331703938968,72.81951818962514,10.777690618237441,
IDN,Indonesia,25.783912138286375,17.9752891677393,8.641109804994617,33.48897195822373,15.068371258226026,32.82387508014056,93.33389232196086,53.75439130814765,61.38601317418584,68.06810813765608,23.873654857477575,
IRN,Iran,22.603286279294473,15.540404197809194,7.097659758083708,20.716115889234523,16.218739035189177,33.72558677135697,89.7747712334353,49.270945500500915,52.80468429046218,75.20019817843406,16.516513862291287,
IRQ,Iraq,28.242373412585653,18.52777372351762,6.915250455708756,28.13357519062995,25.45729150183022,62.39255371491835,108.71683026715523,59.63979005618231,46.46439000600289,70.72919347653475,10.114619096294353,
IRL,Ireland,70.49454258118001,57.500198494131794,41.96717316210822,69.05679545480486,76.50365870062011,124.98320623668559,170.08477370722778,50.9465427811769,51.18147078701372,34.715133052103326,6.862725529584388,
IMN,Isle Of Man,75.14746269528585,55.11796134534911,31.17533293931305,65.9811547860605,91.76566359933285,123.9633520282694,215.60942581834675,80.15308994411163,66.26157407407408,18.130671506352087,5.768935909230298,
ISR,Israel,80.47926568683839,57.550399571002174,30.141962806052362,75.09675292866802,91.03203363910279,128.9845960865154,170.07946281253416,68.27010040235868,73.41013855450394,56.540568048897796,12.000938333949772,
ITA,Italy,61.467172176912385,42.43122178745991,19.676252576414736,63.24349810090554,64.53273864916652,93.73898034211943,153.79540528728003,52.65470482163239,64.82329050074088,53.17376252850871,8.303749398837288,
CIV,Ivory Coast,44.26495806594006,33.61173749761275,20.877216705570827,40.82503604162609,39.023606521793475,13.758952590843593,43.40754577542582,44.309941623708305,42.06349206349206,94.87038136775767,33.36094312537428,
JAM,Jamaica,56.12325915810179,39.1151007447334,18.78408952045439,66.62244879687255,48.159186956994034,35.42983060783192,82.50308109705335,32.76602385974445,51.52060471827914,65.6238436677009,21.62791482473218,
JPN,Japan,47.4961479124358,32.16554222593241,13.839824137470199,57.02324429234062,30.95892783743003,125.01205269687863,188.0628740202419,77.59084091854413,80.14083735431207,37.42947324653921,11.555902879161621,
JEY,Jersey,88.6707636024882,71.22370037866837,50.368036313628885,79.23515413273441,102.51094664971734,111.64998415370711,178.48869628260042,72.71008403361344,53.93518518518519,26.724137931034484,16.36372834718132,
JOR,Jordan,39.344600214945466,24.837450840488,7.496066218119919,36.730115622439186,40.659918372714046,58.18661803058941,126.75192125086676,60.29314685074495,65.57092483296475,77.09884769723398,7.575317067650592,
KAZ,Kazakhstan,29.994572139205612,20.954156439229372,10.147531253759679,30.214786095871744,32.05849121010808,57.76834255292243,107.46574110706106,54.897246273375686,60.704617231347974,73.02827792325276,9.337001663794384,
KEN,Kenya,28.765041660025638,18.9421500901696,7.20017815482783,30.132783634397253,26.899771475676136,37.98296043569388,99.86579982732837,44.7412929188106,62.23202418926103,69.0444612858406,16.914447414152107,
KIR,Kiribati,,,19.300707147398338,75.91628940818977,32.711142468285324,,,96.32352941176471,88.88888888888889,,58.851168480000005,
XKX,XKX,,,,,,,,,,,,
KWT,Kuwait,42.90427927987934,33.24245389067134,21.693015341191803,36.25137576085132,43.69709203495965,186.505274539546,163.99655900895362,67.39765116708247,58.614005251663485,69.37231847497301,6.579197464799527,
KGZ,Kyrgyzstan,27.161422896534283,20.16926633324653,11.811064926891818,27.399989133640645,23.696476606619697,43.95367703194328,100.34657851340947,49.838373343136226,57.47685185185185,72.26230425338812,15.123769844302256,
LAO,Laos,33.74683380539481,26.137411518109943,17.041350311890945,40.364066672942634,17.8400823255568,38.79029892730294,103.6109852871072,65.99641624996595,34.44444444444444,78.51016744016168,15.864786903470325,
LVA,Latvia,51.96842457838022,33.446099587811936,11.305101830700384,47.45640758495506,54.43848009189004,80.28235071877347,167.4677017687332,63.76816580195776,63.68277241003764,29.10176299957426,9.23157911688363,
LBN,Lebanon,41.994193517993814,29.14357888219472,13.782363161510888,35.61573312808052,44.06592051917964,39.94342619787585,99.12570936666148,53.10670605928871,63.71928535043358,89.21568365429505,17.542383617784907,
LSO,Lesotho,,,4.073434653873862,34.29689393324274,31.51501972083738,,,34.081447963800905,68.05555555555556,58.620689655172406,2.9672440514657024,
LBR,Liberia,,,5.009091233526845,97.78550737602481,69.36632699983815,,,22.249312437924505,40.55555555555556,89.91956319542528,,
LBY,Libya,18.242380102953245,12.063402481591421,4.677249300202009,22.828709833065872,12.32094195762384,54.32985280681635,136.7561565163935,44.14587372860931,45.43422733077906,52.04645386961205,7.088279704931883,
LIE,Liechtenstein,112.73532250902174,78.91542578369226,38.48819767261212,128.49196097951366,115.5363722637476,243.54879403020223,,93.58999413718976,70.37037037037037,6.4655172413793105,6.576982771198078,
LTU,Lithuania,50.74319723513023,34.38345039469153,14.82752972676718,46.10210026506673,56.70045107288555,93.42796781978639,181.1057403141014,66.85861250753993,75.47420760601504,25.065557147009095,10.006420176402385,
LUX,Luxembourg,78.8241718448175,64.33792222779489,47.021520510257865,78.76827827211848,86.15733430461374,172.92404549908338,212.37971315056308,66.818439893326,72.01964361511085,24.376266123160132,9.203607500044217,
MAC,MAC,,,,,,,,,,,,
MDG,Madagascar,22.63688544496885,15.579611788111317,7.143571480678455,23.67693199251714,15.765988548596066,14.9191097466257,69.58413694206982,37.75185936443543,39.31623931623932,87.7006258439264,27.470915561369956,
MWI,Malawi,,,5.0930816154421645,31.615059283504937,25.995786779953296,,,43.88725490196078,37.5,64.16256157635468,,
MYS,Malaysia,33.72824417939208,22.383374375389124,8.822078101133167,42.193950901713286,23.843851979160387,86.04188778632624,136.82561052969234,51.847820761319646,70.70609295577982,60.64153799119686,8.809458307268718,
MDV,Maldives,47.769760424159244,36.50165513449961,23.03212071739529,52.95585402054307,41.55719655312229,44.438174234253964,103.75545765389725,47.55834176595462,45.94202898550725,74.55198530739983,11.629413150078625,
MLI,Mali,,,4.533325053112551,,37.295078682871896,,,48.94607843137255,18.51851851851852,85.51724137931035,104.58133089658314,
MLT,Malta,56.67956816473713,43.26057185967089,27.219930782244035,56.172832717856956,63.92653985798004,87.97368642192825,137.1682284447659,56.99822388983995,53.29190897888452,75.68715548824058,10.378042853221368,
MHL,Marshall Islands,,,20.29441857029,,45.00023484046755,,,77.32843137254902,,85.63218390804599,,
MTQ,Martinique,69.41845885807017,48.62077029457104,23.759875343639152,77.11332396550962,81.9049927345756,97.79913431042517,,37.13903743315508,75.0,62.58620689655172,6.618238993710692,
MRT,Mauritania,40.76791060359988,24.804335349563413,5.721985586502791,29.073536650751485,23.588323039337883,47.15775684147694,,61.92810457516339,43.7037037037037,83.04597701149426,35.67324116355653,
MUS,Mauritius,38.55565883242702,25.839676755281477,10.639396510068481,41.51455954239241,32.67152733115416,58.32637817954183,119.76727295589966,50.55473878922759,63.36204279721609,54.58477480923944,20.47741571068737,
MYT,Mayotte,,,,,,,,41.17647058823529,,,,
MEX,Mexico,43.78079126945149,31.77323551311248,17.419785543690626,48.07704108897024,44.82969708438593,52.073084700445094,126.03443925473509,47.1424191537847,72.2254347149235,58.25293909057781,13.306368813008907,
FSM,Micronesia,59.348066214790244,41.68346545197154,20.567763936692156,77.4631572152602,54.72955266991178,14.17933374452304,,55.43794440853264,56.48148148148148,66.55172413793103,17.537528868360276,
MDA,Moldova,35.99127544218931,26.215900460276902,14.530728341784316,33.236712203339174,33.167616080859474,59.15889863962688,125.67287085303074,55.37548287780315,52.213114286040586,60.82438289052195,14.473126158113127,
MCO,Macao,,,,,,,,,,,,
MNG,Mongolia,31.569203133380235,24.78637499748575,16.678398130640744,35.91716873657335,24.765567247202792,46.46086672101043,74.63100622551704,48.64129654138247,51.633945976051244,88.01937603718457,11.409692363692528,
MNE,Montenegro,42.89548591804429,30.6422597543398,15.99514319925782,40.63130852715314,46.458247261376265,69.46791496967883,152.17800656748997,65.58368950084572,47.40559279267263,45.00814645869138,12.82560185957217,
MSR,Montserrat,,,,,57.99777176647689,,,87.74509803921569,,,,
MAR,Morocco,31.181720337952584,20.568623350618022,7.88206501022405,32.98694972935748,24.8590031359387,48.18668350275175,114.49910367197172,52.81654955915409,46.83264333253697,68.78985571565472,13.436418928932092,
MOZ,Mozambique,37.056008780156716,25.542925684354152,11.780552595046714,34.485575293807244,35.25075611173133,32.88437435295966,75.88289006238494,39.045504052720794,38.725490196078425,70.3501326259947,38.277428464736836,
MMR,Myanmar,38.07088293714585,25.426802797065402,10.312471838893899,38.44394169802531,16.37955669753178,21.182930614920032,62.31703741661566,48.45983910518502,48.38643790849673,89.78687518144282,20.788987056126544,
NAM,Namibia,36.72973595523036,26.314569647464808,13.864611341603899,37.834878750974404,32.27228448384012,78.58990266455409,157.11376774591156,36.16953322065051,65.07005539263604,40.722242555273404,3.32214265881432,
NRU,Nauru,,,,,38.972748392539394,,,52.843137254901954,,,,
NPL,Nepal,22.369806646121745,13.464931092926752,2.820326284888639,23.096926179856645,17.021241216854463,30.937229362485542,76.70503986094522,63.987429454359415,57.89112701743089,84.34192337082642,43.132720454851835,
NLD,Netherlands,73.41163754744123,56.94045065317841,37.25131809187518,67.2717376324867,81.44857702598448,141.25129411574164,210.25583789157628,72.1776814766182,77.04359895500404,23.30384788942777,7.5472972835316225,
NCL,New Caledonia,89.85372650342546,58.61715611810428,21.277954090636058,118.19727138849352,83.69731028402495,99.05296772922614,142.9550928665725,35.82983193277311,61.111111111111114,55.747126436781606,8.20096685082873,
NZL,New Zealand,61.10167631035445,44.874538278698104,25.47713396006136,66.85508465194994,60.25239156080503,132.54163166368755,190.48096585290287,51.232393607273444,68.13120711562702,26.405549403324038,7.906233545635459,
NIC,Nicaragua,34.24525342115165,22.108064399183384,7.599654950052269,41.750413267260264,26.036767667389395,27.737043742623342,95.95619493411432,49.21885813830822,60.302717578259376,60.776476078200226,15.944542374494352,
NER,Niger,,,12.681095436852829,,34.50524415964112,,,33.700980392156865,30.555555555555557,63.793103448275865,21.091817456601778,
NGA,Nigeria,27.744556050432735,24.886089477958475,21.46916951773975,31.705291509308065,21.398523921667053,8.963409177756885,0.0,32.920469528260696,48.01551516636759,87.13350922387862,95.18442459457816,
NIU,Niue,,,,,54.50057991770524,,,38.23529411764706,,46.55172413793103,,
NFK,Norfolk Island,,,,,,,,,,,,
PRK,North Korea,40.268418012468025,26.031493547293817,9.013127180647022,45.62316417001821,38.14195262171808,19.10982281202289,,62.147417106377425,42.013888888888886,72.41379310344827,33.00230134131399,
MKD,North Macedonia,35.20102178632904,22.62274118884033,7.587064909586537,34.85923875288536,28.865699751335605,68.86283107989038,126.12717291894197,58.76887334923217,55.5493850655975,79.30928793105467,11.100600018930981,
MNP,Northern Mariana Islands,,,13.049783103919035,162.84660769664268,60.22476268149817,,,65.40247678018576,44.44444444444444,34.95297805642633,,
NOR,Norway,85.15293658509519,59.28400036678565,28.36109737916886,87.15732731025642,90.80297762781206,132.81602207572533,197.1712296611126,66.80095201759454,75.7692504919799,19.027049836113807,7.993109948366033,
OMN,Oman,43.98360900969939,29.757238370476674,12.751487711460538,43.33986981673822,41.869926092643915,164.59490024475338,210.95984752041355,81.64011433269982,63.47287826865487,36.50942069982562,3.703395507953137,
PAK,Pakistan,19.715587432324963,12.236333248181767,3.2958708494113336,18.326722433819132,17.7082235379338,31.457095496220415,99.1633642223853,57.68594524454444,59.45656325516997,73.23396507729491,18.550477551879915,
PLW,Palau,,,19.035849976783645,90.66629691993475,53.482145703626436,,,77.10784313725492,,14.367816091954023,,
PSE,Palestine,54.920038626122505,35.26175132922861,11.76286038703765,56.641120946329906,42.3881791729909,53.574630916000224,121.54038742154837,56.45046581871338,48.01742919389978,65.02731568559155,6.046662800736911,
PAN,Panama,45.25030267565057,34.812281602858945,22.335003438317273,51.37620335594678,42.38043349577395,47.755339438243396,121.1728411378125,57.42967448055742,61.2007633411743,56.13333344190698,14.305100429370802,
PNG,Papua New Guinea,47.23881888388279,38.39503916535559,27.823466373494572,54.22718490003111,34.993849307265286,21.841600197671173,33.00234841800216,19.17985746487286,24.217513453624562,76.81988014410219,40.712433531766536,
PRY,Paraguay,28.070862696309046,19.629882147480107,9.539802662609254,27.574985792054164,26.044499970978023,52.67544346099592,114.37331925024522,40.49961908271959,64.52574525745257,67.56563908079869,14.23599446571971,
PER,Peru,33.392158335752576,23.10366406657781,10.80512548387559,37.848584288078385,27.905535092109652,51.37117247784006,92.69169735358774,33.15949076133123,56.89263846352623,81.92268404833132,15.338466852838941,
PHL,Philippines,29.97022952432995,19.6871894371799,7.395170610071959,35.36895447261186,19.61467185876436,35.384840471591026,86.5409316964454,56.5045948859315,66.76960540901452,72.50318741460848,33.015654219028626,
POL,Poland,47.25095266596424,33.779428072487995,17.675996350989013,41.34569933480968,48.443802026037595,103.94577315932338,158.20097384585875,71.34287909344978,57.96598039711897,55.34239881540091,9.838136368396277,
PRT,Portugal,48.54440228892489,37.07138183673449,23.356898356469788,46.87831343730619,45.3836747429382,71.8284895195939,171.04070906110127,66.90943347600407,72.02249326319908,29.79200376434263,13.58638698027337,
PRI,Puerto Rico,62.59588103930892,43.66144768575638,21.027828708297626,67.56658285215775,57.09049980397683,124.0664129741778,155.2075180453645,38.66261189254511,59.116773736340825,47.85682542403395,6.67092224031314,
QAT,Qatar,50.33112581729156,45.1458291275089,38.947490504420436,41.85781424508325,52.882370616352006,171.73751646737432,187.34477978456232,84.78423500977321,73.7747510428039,59.67583271046678,5.472146124192027,
COG,Republic of the Congo,52.7405974663621,39.358734184554564,23.362480741245154,47.78428177902385,42.10065888296485,20.267067732289124,,46.63865546218488,68.51851851851852,77.58620689655173,40.99663638553471,
REU,Reunion,,,20.69452972386985,82.4062710685575,65.7915076453204,,,53.92902813299231,71.29629629629628,32.97217868338558,7.487807463952501,
ROU,Romania,40.48085422113058,27.306816243267523,11.558990553539205,39.11552754104927,43.42715425415035,80.8926269074677,143.75503340841135,67.27676878627963,56.45271460952936,58.37593851940201,10.651775127885562,
RUS,Russia,37.16807343711321,25.70643064342164,12.005547653993405,36.77101619930874,35.85130696802832,66.70693167133027,117.4321543909848,61.77777481776631,61.69238260359776,58.742357477279846,12.985569783981925,
RWA,Rwanda,25.023063389471044,19.077425632272277,11.970199497660717,23.654265297694717,21.965419730075453,28.713935185021878,120.71056421555103,73.99198122780531,74.4949494949495,43.25431034482758,51.64455905909117,
SHN,Saint Helena,,,,,,,,77.05882352941177,69.44444444444444,15.517241379310345,,
KNA,Saint Kitts And Nevis,,,44.51027047615346,,,,,59.97899159663865,50.0,36.206896551724135,20.269125,
LCA,Saint Lucia,,,11.452155323171985,75.97302545907861,46.188337607094866,,,39.16531039293187,49.900793650793645,46.22331691297208,0.9159153610965953,
VCT,Saint Vincent And The Grenadines,58.308496386302075,35.77912755916284,8.848237137747967,77.33578248597519,46.70986992201842,59.995294882145544,,62.22147950089126,31.944444444444443,,2.8492704044231614,
SPM,Saint-Pierre And Miquelon,,,21.232229030486053,,,,,,,55.172413793103445,,
WSM,Samoa,,,11.178150368219915,,96.51854786800162,,,57.942792501616026,55.55555555555556,39.94252873563218,234.32813325858376,
SMR,San Marino,,,13.5665671207781,,58.210715442881835,,,77.65460030165912,83.33333333333333,15.360501567398119,3.889163507045414,
STP,Sao Tome And Principe,,,7.33331026991157,70.26741262995388,58.64651511025033,,,81.00490196078431,86.11111111111111,68.96551724137932,17.069309217135636,
SAU,Saudi Arabia,43.99578142973832,29.95128489583735,13.162940753554722,41.42746906958685,34.54670375450965,138.43996463515194,165.96378667490038,76.72380683894376,62.23237654207919,61.983624920643145,4.422656325916772,
SEN,Senegal,49.313480455795535,36.3073403048718,20.76021433354169,47.11676119560225,43.10695625630736,22.833827616665868,61.26321393123155,48.90707909812929,47.72727272727273,95.87225076657778,37.61553565001074,
SRB,Serbia,42.49697021527878,28.860867714673166,12.560704801248932,39.022993418109024,42.204836957461104,66.43429271714649,128.52170727573977,63.06112180890333,52.09925812010137,65.7274674039728,14.714303511592455,
SYC,Seychelles,64.99758537695092,47.57252842544473,26.743169957903724,74.61689880189066,68.99202584509612,35.01154552003465,139.5736834884605,56.591490351081156,63.19444444444444,36.71399594320487,4.972407867486594,
SLE,Sierra Leone,,,20.837176276239617,38.458087035811424,27.64149568756969,,,31.818181818181817,31.11111111111111,106.03448275862068,4.076831070328807,
SGP,Singapore,88.32584450396199,79.27272880217494,68.45092243876178,78.83763496302201,55.05493918122466,115.88760946974249,159.90076249673984,77.63226798654509,71.8774578202169,32.37417354233799,22.277647623192106,
SXM,Sint Maarten,,,83.06552717141953,88.23790855235228,67.44899515778931,,,66.69934640522877,56.48148148148148,79.48275862068965,20.61152980330652,
SVK,Slovakia,49.376455867448556,34.44734229032581,16.601555090551766,50.005625745552805,43.13067522411675,81.0822819151955,158.74922195173454,68.87904489859531,58.21380911269091,36.74531811958557,12.877665029282205,
SVN,Slovenia,53.8787541998335,38.326753948210886,19.736387843247634,52.400298778644064,51.07470133874181,93.39714274508046,182.91700140805787,75.50339631410763,66.21219510522603,22.712211495210116,12.505846245041962,
SLB,Solomon Islands,103.17048925793266,64.76464999728147,18.855532142850866,66.84818621611431,46.178368837267456,13.192756956893458,0.0,36.127450980392155,45.138888888888886,78.19528219636312,884.955383480826,
SOM,Somalia,,,3.70097827027963,,26.257964924762177,,,37.931313928827606,40.49145299145299,63.407961603613785,132.49257916266345,
ZAF,South Africa,37.97155994262595,26.45559925593505,12.6897863860689,33.4241149038041,35.95114419449117,116.57985365975323,152.72670049018853,25.421911707722767,63.96139906908824,56.74532596931045,3.2714215734519487,
KOR,South Korea,60.53416172430806,39.766797497271384,14.942151292970546,76.6735345531269,35.06699784079714,117.56116201532765,151.44052076658926,70.91591132522643,82.88079407767357,57.1815533023625,24.20508881284932,
SSD,South Sudan,,,,,80.08908102241121,,,20.372715164203818,23.61111111111111,56.46551724137931,2.0757825370675453,
ESP,Spain,51.35519446887356,38.01412346095788,22.066631803504567,50.55575279342443,54.59505208154363,112.93730839606386,187.12241244373644,62.24891859892947,76.71903074379344,35.85163422288998,8.540241471794648,
LKA,Sri Lanka,33.37777230736203,21.545361950410406,7.401275216812311,47.245700558560515,23.644169431093733,19.862577206224245,60.45997560748222,57.54266129393384,70.68408978659333,57.848779296136094,57.02347406138433,
SDN,Sudan,30.097642565952,21.93749222689666,12.18310823640314,41.76029596434748,23.776826003426788,19.359352203488275,62.231134667978736,54.425428327560155,52.48567019400353,67.54789272030652,37.49304663163523,
SUR,Suriname,42.32742167355731,27.720510183254977,10.25987310287793,51.693815707407694,39.94027301215531,20.42495671879766,109.2854466750246,47.191861675468914,42.622549019607845,51.146267525577876,8.177039051918351,
SWE,Sweden,69.26368036911961,47.842940649589636,22.237270177481587,69.9879794743427,71.73150364831882,141.7243950356663,190.85259471030528,52.12340274022359,68.3313555597736,17.579249370793924,7.871054037956721,
CHE,Switzerland,110.02640924311852,82.10596341100407,48.73075112738493,109.93965967407718,111.19645807489633,184.3427749368676,209.3359359673815,72.71725888914182,70.46051203117293,25.017575089843316,10.912687467804703,
SYR,Syria,24.993086404330036,15.829197728865093,4.874976878447757,27.62470526900238,19.19317334062841,6.601511737365397,0.0,32.19787505429824,35.37683599277802,75.57706723561296,107.43450869708082,
TWN,Taiwan,49.4036806450272,33.06808435983483,13.54103249697757,64.89245715714178,27.12638740159403,105.71130486591902,157.26102423655627,82.87282441574604,86.8585859326494,64.21784830757457,25.185402015006844,
TJK,Tajikistan,27.651920431698546,19.272676582784175,9.256395184008676,35.0831028431732,19.86079371947893,42.1251615775759,133.6114080248312,51.09979889391655,65.32738095238095,54.02298850574712,11.378567803874876,
TZA,Tanzania,25.849527482602706,17.922116675311667,8.445942113354171,25.886474624581375,20.639816139567195,28.548726395429842,87.70698952556293,46.50393970217013,43.64478114478115,62.014000581350416,26.638132620779917,
THA,Thailand,38.30643256996408,27.06870699001211,13.635487510953729,45.21994944246679,25.142173785429705,47.10595021911588,105.95716614529393,63.4733327447772,77.45110372687108,75.58325182377686,25.074183558115873,
TLS,Timor-Leste,,,26.92078221510097,45.52221604043037,37.76744284702442,,,54.258769757451596,52.68518518518518,60.35166940339354,,
TGO,Togo,,,6.557283710700008,,30.98699972194249,,,54.8425430778372,54.166666666666664,83.1609195402299,,
TON,Tonga,50.343175884326264,31.88168173697145,9.813399233686757,53.331527413352156,47.70771180677888,43.769351461376516,,39.01960784313726,62.268518518518526,,2.437577697789117,
TTO,Trinidad And Tobago,52.09386884200921,34.71142333510734,13.933001232190772,55.70265232195113,47.600212760115156,51.674167801892835,86.39039369895843,28.847911133559794,53.62837629748497,66.78480141320799,15.048525024860112,
TUN,Tunisia,29.337238528187804,18.325867199895228,5.16322438876895,35.400865931241384,18.057957802385623,37.55681064703668,118.23867411761259,55.34154061846582,56.62811475846069,69.48387146264234,12.760826713560517,
TUR,Turkey,39.46597994595243,27.164454494498475,12.459602508131509,39.492690816257195,38.40029973598741,79.90516744080871,144.50737194750832,58.51991916737215,71.31387905760141,63.95432106459106,6.946747176265753,
TKM,Turkmenistan,101.91631264834275,65.69693568302375,22.40144526476058,111.98285997211323,89.83835096291085,19.178936750713778,105.19323879328122,52.678115283993016,49.826388888888886,38.15308254963428,26.038935185185185,
TCA,Turks And Caicos Islands,,,39.60558042690315,,82.67352299881992,,,51.1200145692952,54.62962962962964,32.758620689655174,,
TUV,Tuvalu,,,,,,,,81.51960784313725,100.0,6.0344827586206895,,
UGA,Uganda,28.163200918777925,20.148669861287317,10.568354525142464,30.353431611075194,26.289271858908965,21.060818064375585,75.74864064059733,45.87600516656909,49.82842827670414,84.17940667280317,27.01724932536504,
UKR,Ukraine,27.943833470288453,18.70905420033458,7.67009298960185,28.679848361253224,25.63332771092366,53.0465139881786,118.58657222165795,53.0589164080332,55.79937140605724,62.16225315826836,12.133918450993527,
ARE,United Arab Emirates,55.01003043347521,47.1366077506416,37.724968874303016,45.01459321513462,56.58079145819558,135.63905503314132,176.6608357976535,85.26645467014875,70.7198456408879,48.30203980147485,7.3030694952166755,
GBR,United Kingdom,67.75905093855086,50.942891887569694,30.8413905900492,63.015077079372716,72.92203736859196,132.0049448401034,177.99590590216462,51.7361396358674,72.52589395656263,40.631138532492606,8.021826996148802,
USA,United States,68.62933285047282,54.76263368935888,38.186822867493746,74.21910099032628,72.09350815647917,159.0038040921453,188.87673916208422,50.70871068943097,66.94831692526043,37.206763683225994,3.517126729513554,
URY,Uruguay,57.142331109634256,37.663002509056135,14.378033096465847,56.6149245791038,62.255849791006376,57.48633928080583,139.46208644970358,47.40361567318904,68.51417942496894,42.77378871494658,13.212848555818749,
VIR,Us Virgin Islands,111.46645627601943,81.2345459439662,45.096282567417376,127.97011585210618,95.58156018127994,94.99787101610295,,40.82758132390485,45.370370370370374,15.270935960591133,14.041361345865807,
UZB,Uzbekistan,27.597031545526395,20.06761187813598,11.067183257380636,30.190786155617833,24.236747639274608,51.28013242028503,131.97443337126793,73.84557192313918,64.49027931586072,61.0667261336721,13.53105885999511,
VUT,Vanuatu,,,42.26288641105437,83.53468626605427,58.60449104494213,,,58.35434173669468,40.50925925925927,40.14367816091954,48.593277330785874,
VAT,Vatican City,,,,,,,,43.577350057670124,100.0,46.32183908045977,,
VEN,Venezuela,37.789307600265396,23.615646886490662,6.6729039946806274,42.66274157488997,40.90345042570569,18.91791874713986,76.07068201178373,19.432859514224187,39.659313599407646,73.64702762017141,14.599608437258299,
VNM,Vietnam,26.601897334518505,18.85382568436638,9.592027442768075,31.980192803042584,15.957686771051044,45.97503430349381,93.3628520495927,59.914996988606276,62.33777490872743,83.76262392151638,30.35508582271995,
WLF,Wallis And Futuna,,,30.883242226161528,,,,,47.05882352941177,,,,
ESH,Western Sahara,,,,,,,,65.9313725490196,,,,
YEM,Yemen,53.656305932224825,31.811025722157556,5.6978730601205525,65.1369229281963,38.41322159944524,18.89628705505354,73.73713477220646,38.415360197290376,24.030367780367783,85.11494252873563,18.271778656790236,
ZMB,Zambia,30.193359582628972,21.790749032260383,11.74653582229204,31.485042178914767,22.3797993867086,32.2760043314237,,52.41650567968337,56.57952069716776,80.8570276265376,51.41012978449457,
ZWE,Zimbabwe,35.69060429208618,23.5865069612003,9.117654266332341,34.60723765356081,34.26226628779581,29.76381726561798,101.65670405954951,39.08983568422722,44.59130744994032,78.735829939559,9.043045330103114,
