one_usd_to_currency,currency,one_eur_to_currency
3.6726,AED,4.352587304183348
64.999999,AFN,77.03484463849324
81.537673,ALL,96.63449335959629
382.133348,AMD,452.8859007269719
1.79,ANG,2.1214211388357547
915.3776669999999,AOA,1084.861191503886
1456.114943,ARS,1725.7167713155418
1.4408,AUD,1.707566244041651
1.8024999999999998,AWG,2.1362355322633784
1.6999999999999997,AZN,2.0147575061568617
1.649838,BAM,1.9553079379075438
2.0,BBD,2.3703029484198375
123.17687,BDT,145.9832490690635
1.65052,BGN,1.956116211212955
0.37848,BHD,0.44855612995897004
2986.289048,BIF,3539.204867654135
1.0,BMD,1.1851514742099187
1.276562,BND,1.5129193362203623
6.965287,BOB,8.254920156345182
5.256943,BRL,6.230273746287512
1.0,BSD,1.1851514742099187
1.2943975e-05,BTC,1.5340571053386333e-05
92.564017,BTN,109.70238120634198
13.189084,BWP,15.631062346078451
2.870977,BYN,3.40254262397277
2.027247,BZD,2.402594770637635
1.361185,CAD,1.6132104094224284
2292.177469,CDF,2716.5775065361104
0.773536,CHF,0.9167573307544437
0.021943,CLF,0.026005778798588248
867.66417,CLP,1028.3134701946256
6.9602699999999995,CNH,8.248974251399071
6.9517500000000005,CNY,8.238876760838803
3671.152292,COP,4350.871550912922
499.134954,CRC,591.5505265628
1.0,CUC,1.1851514742099187
93.015303,CVE,110.23722347453229
20.531061,CZK,24.33241721124377
179.493026,DJF,212.72642437429926
6.301156,DKK,7.467824322626674
63.318904,DOP,75.04249242095632
47.178059,EGP,55.91314617421252
15.000000000000002,ERN,17.777272113148783
0.843774,EUR,1.0
2.20522,FJD,2.6135197339571974
0.73073,FKP,0.8660257367494139
0.73073,GBP,0.8660257367494139
2.695,GEL,3.193983222995731
0.73073,GGP,0.8660257367494139
11.022776,GHS,13.063659226285711
0.73073,GIP,0.8660257367494139
73.000001,GMD,86.51605880247554
8825.788927,GNF,10459.896757899627
7.731241,GTQ,9.162691668622166
210.881934,GYD,249.9270349643388
7.811855,HKD,9.258231469564125
26.57607,HNL,31.496668539205995
6.358345,HRK,7.535601950285265
131.916132,HTG,156.34059831187025
321.451907,HUF,380.9692014686397
16777.589951,IDR,19883.98546411717
3.090445,ILS,3.6626454477146724
0.73073,IMP,0.8660257367494139
91.700542,INR,108.67903253714857
1318.509497,IQD,1562.6334741293285
42086.0,IRR,49878.28494359864
122.303199,ISK,144.94781659543906
0.73073,JEP,0.8660257367494139
157.956907,JMD,187.20286119268903
0.709,JOD,0.8402723952148323
155.2386,JPY,183.9812556442839
129.908997,KES,153.9618393076819
87.45,KGS,103.6414964196574
4047.142559,KHR,4796.476970136553
414.999788,KMF,491.83761054500377
900.0,KPW,1066.636326788927
1450.785567,KRW,1719.4006534925227
0.307483,KWD,0.36441393074448847
0.840019,KYD,0.9955497562143417
506.955192,KZT,600.8186931571724
21653.530714,LAK,25662.713847546856
89333.306251,LBP,105873.4995994188
311.721374,LKR,369.43704593884144
183.824484,LRD,217.85985820847765
16.031779,LSL,19.000086516057618
6.325024,LYD,7.496111518013117
9.143363,MAD,10.836270138686427
16.863368,MDL,19.98564544534437
4491.18486,MGA,5322.734357778268
51.997129,MKD,61.62447408903332
3560.0,MNT,4219.139248187311
8.105783,MOP,9.6065806720757
40.115655,MRU,47.543127662146496
45.429999,MUR,53.84143028820514
15.460000000000003,MVR,18.322441791285346
17.44501,MXN,20.674979319106775
3.942,MYR,4.6718671113355
63.759998,MZN,75.56525562532147
16.004724,NAD,18.968022242922867
1392.850119,NGN,1650.7383718863107
37.01312,NIO,43.866153733108625
9.63561,NOK,11.419657396411834
148.102437,NPR,175.52382154463163
1.665557,NZD,1.9739373339306496
0.386008,OMR,0.4574779502568223
1.0,PAB,1.1851514742099187
3.36999,PEN,3.993948616572684
4.306754,PGK,5.104155852159464
58.92257300000001,PHP,69.83217425519156
282.00818,PKR,334.2224102662561
3.555368,PLN,4.21364962655877
6751.894641,PYG,8002.0178874912
3.6546240000000005,QAR,4.3312830212829505
4.29982,RON,5.095938011837293
98.986497,RSD,117.31399284642569
76.407651,RUB,90.55464022356698
1470.664986,RWF,1742.9607762268095
3.758804,SAR,4.45475210186614
8.051613,SBD,9.542381016717746
14.497906,SCR,17.182214668856826
601.5,SDG,712.8686117372661
8.90769,SEK,10.556961935304951
1.272115,SGD,1.5076489676145508
0.73073,SHP,0.8660257367494139
24.325,SLE,28.828809610156274
20969.5,SLL,24852.03383844489
575.154802,SOS,681.645561489214
38.0505,SRD,45.095606169424514
22281.8,STD,26407.308118050565
20.853171,STN,24.714166352601524
8.819436,SVC,10.452367577100029
13002.0,SYP,15409.339467677364
16.027865,SZL,18.99544783318756
31.566173,THB,37.41069646611533
9.409507,TJS,11.151691092638549
3.5,TMT,4.148030159734716
2.865446,TND,3.395987551168915
2.40755,TOP,2.85331143173409
43.492498,TRY,51.54519812177194
6.843814999999999,TTD,8.110957436469954
31.604067,TWD,37.45560659607904
2591.446217,TZS,3071.256304413267
43.20216,UAH,51.20110361305278
3603.687046,UGX,4270.915015158087
1.0,USD,1.1851514742099187
38.991105,UYU,46.21036557182373
12322.458739,UZS,14603.980140416747
345.941461,VES,409.9930324944831
25940.478613,VND,30743.396469907817
121.3,VUV,143.75887382166314
2.7678,WST,3.280262250318213
553.479391,XAF,655.956916188458
0.00947652,XAG,0.011231111648379779
0.00020388,XAU,0.00024162868256191823
2.70255,XCD,3.202931116626016
1.81661,XCG,2.1529580195644806
0.688177,XDR,0.8155939860673593
553.479391,XOF,655.956916188458
0.00049525,XPD,0.0005869462676024623
100.689009,XPF,119.33172745308578
0.00038571,XPT,0.0004571247751175077
238.324963,YER,282.45118124047434
16.17375,ZAR,19.168343656002673
19.781517,ZMW,23.44409403465857
25.914,ZWG,30.712015302675837
322.0,ZWL,381.61877469559386
