iso3,country_name,cost_of_living_index,cpi_and_rent_index,rent_index,groceries_index,restaurant_price_index,purchasing_power_incl_rent_index,quality_of_life_index,safety_index,health_care_index,pollution_index,property_price_to_income_ratio,year_last_update
AFG,Afghanistan,21.669596244962033,12.842407488159257,2.2741946508385764,18.955349329620347,15.183278294195349,43.141725225048496,,24.61294339747462,24.77036852036852,84.44057475188711,9.094640891221163,
ALA,Aland Islands,,,16.56302893591515,71.65412425089092,78.9137146275618,,,72.25961074084806,82.22222222222223,18.045977011494255,,
ALB,Albania,46.89201744660876,31.330782208467344,12.700338186121698,47.923084866060634,44.19424223687073,49.679822340662874,106.42591700215976,55.50070451304977,48.14005590717919,77.1460185702708,15.113614146264085,
GGY,Guernsey,78.02025120381943,67.5635013030896,55.04432202844459,87.1114056585712,73.49010047553716,142.3704308378036,216.03558179533772,75.88935574229693,61.111111111111114,11.49425287356322,11.376564277588168,
DZA,Algeria,28.18680373117097,16.932586036154557,3.45865099349289,38.330860716594756,16.508040867428562,38.76112641952222,107.53116386163285,46.97836559974253,54.521036604486675,63.64961506006065,15.935695148306765,
ASM,American Samoa,,,9.311662994035453,,,,,54.411764705882355,,78.44827586206897,,
AND,Andorra,56.76349886111003,45.90890055375694,32.913403534694915,54.61748563634886,56.66210317869434,138.1255114757901,,86.46325290066885,75.55555555555556,22.978927203065133,8.93303368114333,
AGO,Angola,42.3571797999124,33.4842896018978,22.861361433229213,40.22245265759549,34.05611477426929,193.2621512871502,128.5307669225744,34.16709289729842,36.160714285714285,91.24004335551523,9.182210879486444,
AIA,Anguilla,,,,,93.11232021876475,,,75.07002801120449,77.08333333333333,,1.3589285714285715,
ATG,Antigua And Barbuda,,,33.73985947546929,94.4293687344582,52.97627129985034,,,48.625528642829686,50.0,38.218390804597696,,
ARG,Argentina,41.919413057797094,28.12268977992627,11.60477993623023,42.08951521620342,47.70300574562864,52.52686278921114,125.26527688022395,36.83945027773361,67.7979466707925,50.374297589244016,13.540341885002583,
ARM,Armenia,40.72160282918142,28.771661790323254,14.464782921922525,36.40330096826017,40.3859462311624,45.788833058422824,123.61472802863148,77.8930886242114,59.4087368392924,61.54305399348636,18.797973342664783,
ABW,Aruba,75.14697037558675,53.96687927372198,28.609348485015644,74.31749850163635,69.47979047027431,86.56451965937771,163.20123344327564,69.19406444980729,79.16666666666667,33.91065830721003,4.443525774121676,
AUS,Australia,71.50043548835633,54.44877133259065,34.03393474152237,81.66798872168283,68.2534229636081,148.66456860520515,191.80026036079505,52.59097779239218,71.86185170919909,27.8708160851217,8.32246923003069,
AUT,Austria,73.06199548734125,51.132015480778556,24.876692000929708,75.27854346908045,73.00968287431623,127.23502572123257,199.76450261265643,70.67680086821358,77.24665832281875,20.659384161795113,9.80993579943543,
AZE,Azerbaijan,30.85441038436216,20.910269694782357,9.004803731935466,29.89211368550551,35.02670463191078,45.19942747532722,113.37416783476797,68.4258426526267,49.01623385333103,72.02926326808905,17.77915697258796,
BHS,Bahamas,100.74371552525861,77.1560872836712,48.916170538650675,103.52629139569571,113.72459272164915,66.1806354450694,120.57892187676329,43.36116744801116,39.52020202020202,60.75630252100841,7.620413083833832,
BHR,Bahrain,47.765486631090106,35.44040775594514,20.684401016096608,46.2389710884314,46.76114828549561,131.55145917174815,166.60257818259987,77.38244927837412,66.60331384015595,71.56634622423367,4.954698064115365,
BGD,Bangladesh,22.810494040604624,13.5478164862324,2.4582215387312925,27.421932183401655,17.279321591189305,36.57018879346216,73.51121532774778,38.5769680497228,41.96714490689692,85.42980581715791,14.568001747737089,
BRB,Barbados,,,24.671927591034105,76.74466036331977,72.66749099872689,,,55.28643065902388,71.88271604938272,24.391078270388615,15.247984506885992,
BLR,Belarus,31.869489543907626,22.014856339021506,10.216551803763563,32.90426823329861,34.61652613049905,69.34607173591047,137.9472710063869,51.66753208350538,49.780243020331724,44.24492775909181,10.02635957500235,
BEL,Belgium,70.27018885721927,48.8506492108452,23.20644242010925,69.28365938891731,81.85920568359334,132.09660184674502,174.7674690084032,50.53743927057218,75.75895459417657,49.45540302182958,6.152110345342537,
BLZ,Belize,47.31503868026969,31.830737797193393,13.292402220835545,54.20587194310825,38.943053271950866,72.4856682638658,,48.212028456553526,47.368480774376025,52.80135573239022,6.393578359010469,
BEN,Benin,,,4.3569498595216745,32.43660569813946,38.69227655563898,,,63.338383430295195,51.388888888888886,97.41379310344827,,
BMU,Bermuda,138.03966973910377,120.47482259369444,99.44558574355533,147.20325917551617,149.3207246603253,118.11585305469738,187.27494302427118,63.55293853692378,68.85439360929557,14.948867478025692,8.672848990938261,
BTN,Bhutan,23.94776096649163,14.124017520343845,2.362695262664214,23.175597627103425,15.276046926280543,79.43789460080768,172.08845339091917,70.21843825249398,73.28042328042328,51.60843920145191,14.060258249641322,
BOL,Bolivia,27.53141963821488,18.848940923335924,8.453979906598548,29.234769597896303,22.16039171050094,47.051817968323576,97.96173473796776,35.80718463387245,47.14976881643549,72.59365708532462,11.590007854366581,
BES,Bonaire,,,27.139120350137517,,83.28582413299405,,,62.94642857142858,,,,
BIH,Bosnia And Herzegovina,39.42047857207694,25.12148370844257,8.00223711227289,40.64091785444243,32.26522138982332,71.45033170191525,138.07082451284688,58.984776852873196,54.64819257106475,59.934114177663226,12.67644449146955,
BWA,Botswana,32.810432829475374,20.78507613506558,6.387907059771816,32.46920089844665,30.405617105682815,83.94845187992401,155.3709143593414,48.8814188179305,62.69675925925927,45.65574355679304,10.071766258925669,
BRA,Brazil,32.01652399466839,21.385364957046345,8.657377087702397,32.2557978943711,27.49299040324047,49.16311648158019,118.54932070124806,36.09598454409917,59.25688269357349,52.7699454146685,15.132520912132351,
VGB,British Virgin Islands,,,49.10509459247756,84.84184415575116,72.4337017678303,,,59.31372549019608,,68.10344827586206,,
BRN,Brunei,49.167175489214884,33.748074505222924,15.287798482079465,68.6255317440367,33.7056950035577,144.34889169392437,194.79822599061683,70.64057248223246,74.18981481481482,35.48798201909146,4.704294404829993,
BGR,Bulgaria,42.44391708325471,28.054285016573456,10.826524455293326,44.5628888846867,43.113950456105925,86.10513306266753,148.10787412202268,64.64911553873027,58.297690930965054,62.53797752289334,8.722622626309864,
BFA,Burkina Faso,,,13.57412761514343,58.160210318100894,25.2593463046075,,,53.47462514417531,49.30555555555556,,1.6843401556907625,
BDI,Burundi,,,11.156785219164304,44.78718653866111,36.155669759179574,,,43.443627450980394,34.44444444444444,87.84482758620689,32.23954526076939,
KHM,Cambodia,34.7289822240041,23.40212241349058,9.84121774112263,42.14330214090895,25.260566432587893,24.26003621374156,70.93744344963841,50.41347291227967,51.55550562358786,77.08047102203716,36.828501219954916,
CMR,Cameroon,41.24795723051336,29.176941857013333,14.725108646648872,39.21816239424345,43.95926575767747,12.146523589023504,31.136305738323685,34.83932522025585,45.52777777777778,91.90262067745597,45.628864921706935,
CAN,Canada,64.16525914636163,48.9857971336284,30.812425097943812,72.06231662440669,64.6503073575264,129.71076704348476,174.26866831376498,54.33940309467481,68.53578396717177,29.816904717535675,7.4117156899169485,
CPV,Cape Verde,47.30939669552101,29.755936142811233,8.740331711605979,59.12902596863072,36.48158769453084,20.098522527798327,108.42122367273855,49.68148255291422,67.28395061728395,81.03448275862068,15.003335955110611,
CYM,Cayman Islands,118.03122534414182,98.08917127230663,74.21386083645653,123.49923176689828,100.9901675948724,156.88228420360193,200.22322131866042,71.11534669802573,62.276234567901234,23.95644283121597,7.011314108730929,
CAF,Central African Republic,,,,,,,,21.986102133160955,41.666666666666664,84.82758620689656,9.550697900929297,
TCD,Chad,,,9.908691843441227,40.64802859461663,,,,29.688693659281896,41.52777777777778,60.560344827586206,2.6907085064170126,
CHL,Chile,41.3582361189979,27.92525827509377,11.842836928434927,45.31024154485714,41.755496005496894,55.60369455554689,110.2746108489221,39.31763164558689,63.63824336446211,77.31411262550306,15.248683215699048,
CHN,China,30.4542588070656,20.955964576949935,9.584281272002107,35.627337426180375,21.04630586999364,102.22164890754408,139.61563494985853,76.87677051788819,69.35613853304612,76.45609534864295,19.045118177524767,
COL,Colombia,33.06443000536,23.08561746514583,11.138641174711864,34.77652925445287,27.638672224441173,43.55118033542015,107.06897561871584,38.84729880472597,68.89916400540315,62.23821397227199,16.749287992419397,
COM,Comoros,,,19.553051813298463,,25.750919081394514,,,54.65686274509805,,,11.145404663923182,
COK,Cook Islands,,,7.005124498689163,67.83592040230755,52.420841602082,,,69.08263305322129,,8.620689655172415,3.5268041786743933,
CRI,Costa Rica,52.797287772518885,37.97337017888069,20.225668104226703,60.378516850837606,47.09959466101365,54.83409954061287,129.6808167968682,45.92150030182898,64.79891037238627,41.43972916008844,9.637579393892926,
HRV,Croatia,53.48202280750082,37.23111972108398,17.774981719778758,50.76004752042097,55.93787860950463,94.91193524899994,179.4469697559329,75.6564747929764,65.05243490653251,32.102958592938286,12.207128741126601,
CUB,Cuba,41.98831786713787,27.927247355601697,11.092851946081623,42.43360830161066,25.351275566116747,2.6172036478317184,,64.62622162616282,59.30470787926928,65.56139613120271,50.74598593821563,
CUW,Curacao,,,21.291042072882668,,61.968030654858154,,,45.55831357289103,45.06172839506173,55.459770114942536,2.0,
CYP,Cyprus,59.955542948893466,44.71833913085249,26.475836627369404,56.47618813772528,61.43397839534004,94.21064216134377,160.3956910926333,66.4831757312378,56.394455641202086,55.76946907181415,8.1245762943114,
CZE,Czech Republic,53.75846591597454,38.25123759418779,19.685452502612552,52.11111732962138,43.45975927389603,99.24465052438902,176.57566115130092,73.27130274515454,75.48246583916847,34.49152880047176,13.123442096919886,
COD,Democratic Republic of the Congo,50.753029463385325,42.20378541828628,31.968337513405597,49.24098120384397,66.1293547489048,29.656730320393276,46.37494508848658,32.480464250362644,25.0,83.2183908045977,20.657612275419822,
DNK,Denmark,80.36710913938893,56.21462280416737,27.298438594965933,75.33944592052451,94.58939983827818,160.82464394527537,215.68238508627962,73.75000756922387,76.30633838804134,22.916867424461007,5.9149816689040335,
DJI,Djibouti,72.44366880407266,48.43312296237819,19.686874775522806,71.57865375146677,58.76286127016276,122.07392542050299,,46.35695187165775,,64.59770114942529,16.580802369001624,
DMA,Dominica,55.43257888048888,35.90031538757959,12.515620274017728,69.60567585247438,41.66436051231338,32.96765063991711,,46.41943734015346,36.57407407407407,20.689655172413794,0.622678795104719,
DOM,Dominican Republic,38.59697114500536,27.810613455293197,14.896816441889671,40.00864565134851,35.669053393355604,44.332424081375244,99.65051126329764,40.17412539208527,58.0869534624575,72.26624635550806,13.937616258797654,
ECU,Ecuador,31.366018637940314,20.91514006670629,8.402990148910805,34.49499221002214,27.81487150534564,51.952733571736,130.0344108682761,38.10706097804394,77.5846746019433,58.715517577774115,11.362577073622088,
EGY,Egypt,22.039610846625777,13.800981216040029,3.937411531208356,23.040546294367807,20.44738223479168,23.28107559069903,81.87608975434947,53.62405737381709,47.86920417901947,82.48623767521134,20.85616758167726,
SLV,El Salvador,40.9527022869598,30.000484420939216,16.888113921372057,44.59503210586778,35.347570769042235,33.081981019127056,88.48026945127182,43.06208442894221,51.87492275367692,73.8499494053544,22.474133517110847,
GNQ,Equatorial Guinea,55.650143909320015,33.52813512920495,7.042908221922617,62.84396636006563,52.11902790591102,50.585387950204264,,53.07465878508266,42.592592592592595,59.85221674876847,4.593878945299999,
ERI,Eritrea,,,7.879099456491537,,,,,73.48713011344692,55.55555555555556,15.517241379310345,25.00287205435297,
EST,Estonia,61.073234676165214,40.59965928303059,16.087993309100803,55.98163290117266,67.96690637529784,97.2334397073603,194.0923034317106,76.7895992407929,75.3123881765552,16.133367981243822,9.839881695200411,
SWZ,Eswatini,29.499682514857884,18.849888345387996,6.09958985767556,29.340892459198407,25.224743161105046,70.13386633236215,173.27542361448246,57.69710681475387,61.111111111111114,30.09404388714734,2.1615447154471545,
ETH,Ethiopia,41.17646634859311,30.42801959495478,17.55961085321155,43.76699943556339,23.441093041048653,13.809660026454837,59.56402358225314,49.73479679301352,52.493311036789294,73.83466168063497,37.96623026042157,
FLK,Falkland Islands,,,37.248651640598304,,,,,55.63725490196079,,3.4482758620689653,,
FRO,Faroe Islands,,,26.486195885940006,86.91857656958402,110.5236518159217,,,83.7785237851135,66.94444444444444,4.926108374384237,8.985844161166078,
FJI,Fiji,35.74181731358333,27.620882080834253,17.898220161811878,45.9216877290326,32.52119333030583,64.33468173761081,126.75546795199313,42.922510347268,48.44866796621182,53.43719854155426,6.051451814392199,
FIN,Finland,70.46425596048078,48.17931051336777,21.499010245440374,70.82692610589008,76.11660161901197,135.00517498172354,205.5864347315426,73.680582404211,77.53755784273602,11.757701481203316,7.196317427049334,
FRA,France,69.3360244751635,47.728207808541285,21.85858931797899,76.18074307395848,67.85351660546695,126.75186998494485,171.933916452171,44.195279372685974,77.00205132657858,43.45004094342923,8.438653196672863,
GUF,French Guiana,87.79607262050664,59.93387816705582,26.57630428806066,115.13173854174701,73.21236424700518,82.5001807218128,,36.8684012066365,55.55555555555556,37.301061007957564,7.333333333333333,
PYF,French Polynesia,,,30.98456393902796,111.0405727404779,65.57520943846669,,,79.03527200353825,88.19444444444444,52.298850574712645,21.065230013283372,
ATF,French Southern Territories,,,,,,,,53.6764705882353,38.888888888888886,37.701149425287355,,
GAB,Gabon,,,22.144233609450094,75.18308907904608,76.82021350858209,,,40.40247678018576,31.48148148148148,76.46551724137932,,
GMB,Gambia,31.377596194982697,18.253477856393552,2.5408336923606902,31.264675343199233,47.77909276422631,7.044780212202942,0.0,39.29187192118226,66.66666666666667,61.666666666666664,105.48419033387778,
GEO,Georgia,33.41122353742347,23.531400018985362,11.702936777213848,33.142981774836606,36.329784455126244,47.83458814509983,127.94910166872307,73.65603795031699,56.333469373969564,68.50294372902624,12.55810643082178,
DEU,Germany,70.45325866662226,49.111870992841816,23.561230421519642,67.62105344720214,68.19017490852983,150.35074316103186,198.6103803784041,60.99696105571034,71.3063515407394,28.88153422105279,7.546581087802812,
GHA,Ghana,33.92837291285809,23.362185724661437,10.711984379666216,37.914996843261925,34.12751697306697,20.364381047039448,45.68220613797186,55.03742602633388,56.98221454186225,86.34626223918131,52.39104744227792,
GIB,Gibraltar,72.9907807140221,63.952025593024985,53.1305182553119,65.60473004095891,79.7835585581569,95.29928448575511,169.36846076389364,79.77391064907903,73.26388888888889,54.78927203065135,18.88085655019639,
GRC,Greece,55.00848383599269,36.04765936942854,13.347110638180352,53.01266043528121,59.81703493611368,69.29989084406435,142.47822934631645,53.8158164297547,58.71061507435992,49.45716486424858,12.019590817023229,
GRL,Greenland,99.47100713880988,64.22106873009909,22.018634651796766,124.7745124271897,89.16879572927718,139.7418857647557,,61.27366189202224,51.388888888888886,77.11080121703856,4.933928534258739,
GRD,Grenada,78.18130559727481,49.64409003388614,15.47835775292976,73.98351030472689,52.737933441666854,36.48965005975708,,75.78267849029096,58.888888888888886,49.17711598746081,164.62869740461105,
GLP,Guadeloupe,,,27.73081154418595,98.5606368730372,,,,55.7422969187675,93.05555555555556,75.86206896551724,8.461145194274028,
GUM,Guam,,,44.09083797227673,97.32386233719167,70.15913011586528,,,34.610988780538946,36.18686868686868,49.895793861311105,,
GTM,Guatemala,44.98069480210793,32.66393945716269,17.917897932869423,52.55886512204574,40.12946437467352,37.17219136562557,103.88007182467067,43.464082729261676,67.20871327254306,73.47438020665085,14.686294961303682,
GGY,Guernsey,78.02025120381943,67.5635013030896,55.04432202844459,87.1114056585712,73.49010047553716,142.3704308378036,216.03558179533772,75.88935574229693,61.111111111111114,11.49425287356322,11.376564277588168,
GIN,Guinea,,,18.450265140178573,48.46948082144138,35.78375145335768,,,39.95389822595705,100.0,106.66666666666666,,
GNB,Guinea-Bissau,,,9.205395474464638,,,,,47.77369281045751,44.90740740740741,,,
GUY,Guyana,51.728057302654015,39.118176571957015,24.021195292097847,66.05268086349783,53.39716913708047,57.24522679888516,106.57354914404289,33.065687934031246,49.59052219921786,60.088192777847944,11.148285392721734,
HTI,Haiti,56.23120580714078,43.700123692833884,28.697482816498482,51.49160090983088,62.183205649014994,70.64842315406538,,20.483759934418046,32.71604938271605,94.30076628352491,5.081631805657233,
HND,Honduras,37.29663416371089,25.43052163437241,11.224005129896064,40.865379962990815,33.57668181021166,44.958626545428125,94.50299955947177,28.11747647256768,37.00747863247863,75.5245324448496,10.287153856732147,
HKG,Hong Kong (China),74.93386073996724,66.8998876564135,57.28133980210727,75.88637559731602,50.178955587685124,101.86962507285533,130.6093218410641,78.59716650412862,66.5334576942928,66.15218465195561,31.379916502749953,
HUN,Hungary,48.340693901431955,32.5906323494243,13.734118994111533,47.73268966595677,46.118352952402034,85.17436641554869,149.65915349876298,66.64175319560103,54.174993539861234,46.21126659074118,12.657476424562438,
ISL,Iceland,100.95564780037923,77.70644901731552,49.87171161609697,110.49425129995976,107.04154285932812,124.59557983538649,198.27925491758322,74.76020252879475,68.69809181590007,17.131706157285215,7.5110663625158605,
IND,India,18.609259226140612,11.957569447929917,3.9939385297866683,21.66157462837105,15.189335965609525,78.1712240925733,122.5304631329889,55.83811531044464,65.52003668234644,72.81951818962514,10.910865512600958,
IDN,Indonesia,26.344768834465853,18.330347233469773,8.735207083999953,34.58467662476822,15.275691267794272,32.64888816366117,92.50251283284928,53.75439130814765,61.38601317418584,68.06810813765608,24.58009001581006,
IRN,Iran,22.740571523950923,15.630413547519387,7.117888793362187,21.268205496873218,16.034585061995017,33.769075710038386,89.78316133166527,49.270945500500915,52.80468429046218,75.20019817843406,16.511790815068252,
IRQ,Iraq,28.55927105572193,18.76813894500668,7.045860095512311,28.64502389026845,25.51730501763424,62.80824624054818,108.60331718960815,59.63979005618231,46.46439000600289,70.72919347653475,10.362719419779703,
IRL,Ireland,72.54974039538335,59.08584085065137,42.96639898425017,71.810156189979,77.61724591161992,126.94421992162168,170.60922879463698,50.916978652720296,51.18147078701372,34.715133052103326,6.761960892452999,
IMN,Isle Of Man,77.40274636325354,56.852869843623665,32.24985354664706,68.74061544096445,93.38723529123645,120.44367383656922,213.76942011634034,80.15308994411163,66.26157407407408,18.130671506352087,5.975541967759867,
ISR,Israel,82.96171617470101,59.360304101469154,31.103884880910154,78.36612111830912,92.82368249838953,130.01294834961666,170.3132231848757,68.21645788338378,73.41013855450394,56.540568048897796,11.911292004958643,
ITA,Italy,63.14860844174062,43.56900441871823,20.127631600413604,65.85113505948813,65.38331972502381,94.54364732006519,154.1268892988117,52.653368197710016,64.83499674172465,53.08099003811518,8.229675976606497,
CIV,Ivory Coast,46.718328307209624,36.237376069268066,23.689220927236406,44.99925691572241,39.52574161363511,13.18764579358038,42.93368603239358,44.309941623708305,42.06349206349206,94.87038136775767,33.36094312537428,
JAM,Jamaica,56.88607759754694,39.33712844758552,18.32692522233078,67.7178229138244,50.166405503912856,35.703491032620086,82.52570499578073,32.76602385974445,51.52060471827914,65.6238436677009,21.638473251975554,
JPN,Japan,48.690429450849734,33.00925971372946,14.235225999731513,59.26218958704725,30.633040285977536,126.78571559046566,188.80024368014557,77.63727259219866,80.14083735431207,37.187951315143366,11.592800680609232,
JEY,Jersey,92.11509186810892,73.38175265464707,50.95355706304192,79.83814081658574,111.81524471762216,120.31109189076248,184.9456721561433,72.71008403361344,53.93518518518519,26.724137931034484,13.026762741898509,
JOR,Jordan,39.391027630305665,24.904297451974493,7.560287704425712,37.429705037455626,39.757014046652195,58.938376085329594,127.07635054200236,60.29314685074495,65.57092483296475,77.09884769723398,7.546948256875037,
KAZ,Kazakhstan,30.47302923962214,21.36783304696143,10.466780181694107,31.007379262061345,32.30072399822991,58.056296289784,107.4633487396705,54.94711412630629,60.704617231347974,73.02827792325276,9.431663742353246,
KEN,Kenya,28.65465622147839,18.891273637162538,7.202217471492352,30.536335020392176,25.64728410278982,38.523154331423534,100.08567841926299,44.7412929188106,62.23202418926103,69.0444612858406,16.921684924364065,
KIR,Kiribati,,,20.051382107488177,79.2011031899205,33.47101562342143,,,96.32352941176471,88.88888888888889,,57.315024,
XKX,XKX,,,,,,,,,,,,
KWT,Kuwait,43.74558643634984,33.84399748422037,21.98947591945563,36.76184846696764,45.59324358470973,180.83357704350695,161.4362562934013,67.39765116708247,58.614005251663485,69.37231847497301,6.786690466289192,
KGZ,Kyrgyzstan,27.361490509878568,20.39241098031988,12.048790176716794,28.07814073577463,23.625268679536283,44.64377395718264,100.35635502450273,49.838373343136226,57.47685185185185,72.26230425338812,15.370025341970331,
LAO,Laos,34.02076498086403,26.37857861861013,17.229091251352152,41.19157859947173,17.777534548602798,39.12352523531193,103.71361917293335,65.99641624996595,34.44444444444444,78.51016744016168,15.868050423300863,
LVA,Latvia,52.70346933123088,34.050157198147105,11.7177727692446,49.085684273960595,53.44915774293062,82.01892811621059,168.27587898679792,63.76816580195776,63.68277241003764,29.10176299957426,9.044528382508686,
LBN,Lebanon,42.9130477019395,29.729027925421782,13.944667707418413,36.78613827894582,44.450914121024155,39.89402969915122,99.01406534877705,53.10670605928871,63.71928535043358,89.21568365429505,17.542383617784907,
LSO,Lesotho,,,4.165046746162238,35.36350629797983,31.70103784417215,,,34.081447963800905,68.05555555555556,58.620689655172406,2.963361295723223,
LBR,Liberia,,,5.068079541158829,86.05723210737057,,,,22.249312437924505,40.55555555555556,89.91956319542528,,
LBY,Libya,18.942397952343363,12.506315446256533,4.800816941937918,21.96253076169501,10.999819653406915,42.9133296934286,,44.14587372860931,45.43422733077906,52.04645386961205,4.977653631284916,
LIE,Liechtenstein,117.14870912861343,82.69367408658358,41.442925555700086,135.09521508289035,118.71144969756875,243.58272404706526,,93.58999413718976,70.37037037037037,6.4655172413793105,6.576982771198078,
LTU,Lithuania,51.94149498071614,35.21571041703891,15.191028039663635,47.828348757525454,57.37754829587445,94.73545715554611,181.62976465407587,66.85678108058157,75.4490455204834,25.068581475937243,9.869227600858475,
LUX,Luxembourg,80.68221285717402,65.89255222763612,48.185863764194764,81.66774879008871,87.11903150034462,175.2337328681542,213.24649924994046,66.821666411176,72.01964361511085,24.376266123160132,9.076505505984493,
MAC,MAC,,,,,,,,,,,,
MDG,Madagascar,23.274032632310814,16.03497341333985,7.368123674900194,24.670389328689314,16.053940720116113,15.055276859717592,69.6998305006361,37.75185936443543,39.31623931623932,87.7006258439264,27.34597412930624,
MWI,Malawi,,,5.153059014758761,32.31376374166249,25.96607951662151,,,43.88725490196078,37.5,64.16256157635468,,
MYS,Malaysia,35.14021477302206,23.30302939702158,9.131145471690903,44.505941570112476,24.469248215075776,85.59152548522995,136.45555528536704,51.870884188580675,70.75138088626228,60.58000935068763,8.928837551288815,
MDV,Maldives,48.25697493147345,36.90014210693347,23.30335271516789,54.126197905015836,41.50970614278063,44.78588337214695,103.84581985832301,47.55834176595462,45.94202898550725,74.55198530739983,11.629413150078625,
MLI,Mali,,,4.586710619548022,,37.252458902490176,,,48.94607843137255,18.51851851851852,85.51724137931035,104.58133089658314,
MLT,Malta,58.39868056083748,44.58175601089468,28.039660512091075,58.11485651353123,66.31136158676341,87.87719609648616,136.7897629392415,56.91848914553634,53.29190897888452,75.68715548824058,10.596116781790268,
MHL,Marshall Islands,,,20.533410704796125,,44.94880982157069,,,77.32843137254902,,85.63218390804599,,
MTQ,Martinique,70.82718962052265,49.68933137612997,24.382363211469624,79.9411012611042,82.97761556232822,98.88747081985854,,37.13903743315508,75.0,62.58620689655172,5.623899371069182,
MRT,Mauritania,40.94350346899402,24.927828250453604,5.753313112494471,29.54489066991359,23.46102711483187,47.509830178615566,,61.92810457516339,43.7037037037037,83.04597701149426,35.67666925082327,
MUS,Mauritius,39.5743452360035,26.58255837065938,11.028345980644247,43.10522527284819,33.08084255644734,58.401303855806766,119.19199016956289,50.55473878922759,63.36204279721609,54.58477480923944,20.980800127172476,
MYT,Mayotte,,,,,,,,41.17647058823529,,,,
MEX,Mexico,44.253776852698444,32.163684562461235,17.689011813721297,49.21250178941486,44.92184793541602,52.16613759091534,126.07488142988866,47.17108876274137,72.27576648078924,58.219143297362734,13.312847275353393,
FSM,Micronesia,59.95337046132915,42.138522020976495,20.809975054405296,79.17512152960518,54.66700925674417,14.290280784926079,,55.43794440853264,56.48148148148148,66.55172413793103,17.537528868360276,
MDA,Moldova,36.629773476043106,26.663942322264806,14.73250779247033,34.375702129122395,33.220458749701635,58.862446515358194,125.49192105074688,55.37548287780315,52.213114286040586,60.82438289052195,14.471645307304119,
MCO,Macao,,,,,,,,,,,,
MNG,Mongolia,32.25891374495868,25.153444344000757,16.646532913051438,36.664999175592875,25.33368487991432,47.52540324467178,74.9133252980084,48.64129654138247,51.633945976051244,88.01937603718457,11.484216839507832,
MNE,Montenegro,43.99729022931487,31.396880850634272,16.311238997938666,42.12134773143909,47.08672102971875,69.8292344328043,152.0849350876551,65.58368950084572,47.40559279267263,45.00814645869138,12.953020693530197,
MSR,Montserrat,,,,,57.93149352327126,,,87.74509803921569,,,,
MAR,Morocco,31.46854626111409,20.764713181926993,7.949717459894277,33.791728561260925,24.87674569988831,48.907935030970414,114.7429388305499,52.75426426823785,46.83264333253697,68.78985571565472,13.421259143867138,
MOZ,Mozambique,37.51977531489633,25.8773772975047,11.938699472158172,35.32196922398914,35.30840714379633,33.143082637610014,75.93999672277116,39.045504052720794,38.725490196078425,70.3501326259947,38.277428464736836,
MMR,Myanmar,38.45917641629542,25.704386090971955,10.433914079196347,39.293566973520974,16.36083859493345,21.348677715674754,62.34450690900259,48.45983910518502,48.38643790849673,89.78687518144282,20.788987056126544,
NAM,Namibia,38.04667628375954,27.260754059451358,14.34747840015042,40.214246529611756,33.07628457021677,78.95160876403025,157.2735854725682,36.38901254869406,65.36210759556349,40.722242555273404,3.313554795968945,
NRU,Nauru,,,,,39.971556651075566,,,52.843137254901954,,,,
NPL,Nepal,22.24645607394575,13.397886691680155,2.804076236962658,23.055455210424334,17.08811683937921,31.110429745042,76.75767893330817,63.987429454359415,57.89112701743089,84.34192337082642,43.16169659272907,
NLD,Netherlands,75.29281604807201,58.221630926175315,37.783423165582235,69.8560224405088,82.59139432620984,143.663603547834,211.06429823662876,72.16002960000591,77.04359895500404,23.21414822288034,7.533279248307941,
NCL,New Caledonia,,,21.835422928970594,123.38097706467856,88.73335593433428,,,35.82983193277311,61.111111111111114,55.747126436781606,7.985151933701657,
NZL,New Zealand,63.51432795717997,46.84371288791996,26.88508131960653,70.1270664882718,61.93393305901525,134.62568024291204,191.11153256644118,51.232393607273444,68.13120711562702,26.405549403324038,7.868021099104398,
NIC,Nicaragua,34.60432686176684,22.354756155239237,7.689150382095933,42.67311278264517,26.007013572237327,27.94739762290807,96.00442914216667,49.21885813830822,60.302717578259376,60.776476078200226,15.944542374494352,
NER,Niger,,,13.013332088670346,,34.957131044083475,,,28.565062388591805,30.555555555555557,63.793103448275865,21.091817456601778,
NGA,Nigeria,28.00863536690241,25.106142159576407,21.631177839791196,32.36538460286217,21.460530793373422,9.052120269139513,0.0,32.920469528260696,48.01551516636759,87.13350922387862,95.18442459457816,
NIU,Niue,,,,,55.931990804571626,,,38.23529411764706,,46.55172413793103,,
NFK,Norfolk Island,,,,,,,,,,,,
PRK,North Korea,41.25900564543228,26.690808267584952,9.249263197356717,47.29618435847312,38.6414573248037,19.259348757446055,,62.147417106377425,42.013888888888886,72.41379310344827,33.00230134131399,
MKD,North Macedonia,36.23694127125359,23.3078826685908,7.828770703999434,36.38466609699497,29.272326673485278,68.56664223429132,125.57366591554975,58.71572693277964,55.5493850655975,79.30928793105467,11.40546632736485,
MNP,Northern Mariana Islands,,,13.20346060436309,166.44557772460158,60.1559394949096,,,65.40247678018576,44.44444444444444,34.95297805642633,,
NOR,Norway,88.51256716938006,61.80691367368368,29.83399025740897,92.19385105084086,91.75215819994811,135.5229378506295,198.00746838271556,66.78408194243623,75.7692504919799,19.027049836113807,7.895239440717106,
OMN,Oman,44.34114775625447,30.038642116509028,12.915192298884786,44.27242484942075,41.49253132816973,164.71771465130564,210.87473823170123,81.64011433269982,63.47287826865487,36.50942069982562,3.801876684630877,
PAK,Pakistan,19.806790940860953,12.279256668768262,3.2670347123279155,18.632834619187047,17.553505069366366,31.401673128025354,99.07189375782201,58.209715292821485,59.45656325516997,73.23396507729491,18.87254374245009,
PLW,Palau,,,19.260020893645983,92.67005548620911,53.421027792504326,,,77.10784313725492,,14.367816091954023,,
PSE,Palestine,56.88529705381972,36.520476454653156,12.139015446471674,59.04132930518712,44.21556565948413,53.68165711082349,121.41473445355508,56.45046581871338,48.01742919389978,65.02731568559155,6.018600403889776,
PAN,Panama,45.69613364212409,35.31818429916685,22.89334775233521,52.12468431980534,41.90376201125438,48.32485345270208,121.2019831543677,57.42967448055742,61.2007633411743,56.13333344190698,14.459180921951727,
PNG,Papua New Guinea,47.2402192523789,38.51345876717502,28.065482097719595,54.987253033180906,34.23596745673046,22.008927705216088,33.06913938417051,19.17985746487286,24.217513453624562,76.81988014410219,40.712433531766536,
PRY,Paraguay,28.372987768031415,19.838498426740202,9.620715358818261,28.368784008093655,25.987627751356936,53.980615219423434,114.99124784600268,40.49961908271959,64.52574525745257,67.56563908079869,14.109922066161053,
PER,Peru,33.69257376436927,23.249498869188127,10.746691779750853,38.4552601885757,27.6857899785179,52.14385708752028,93.0680145053049,33.15949076133123,56.89263846352623,81.92268404833132,15.241182002132192,
PHL,Philippines,30.525513916158896,20.04846906687377,7.504991984425614,36.41495803051843,19.94057119563663,35.66249353821151,86.47771218910312,56.51817940765992,66.76960540901452,72.48605162046368,33.22056335113296,
POL,Poland,48.21345993172768,34.507091688031345,18.09735798720339,42.87218934091702,48.23424990915347,104.94877184048555,158.63080106241222,71.37400274782,57.988185013969115,55.3011434213752,9.782221564300663,
PRT,Portugal,50.10584859149028,38.21423895145534,23.977196432411883,48.71494027694105,47.23837896554166,72.60690104287897,171.37007553395142,66.81586708886637,72.01330425963131,29.79200376434263,13.378845620941819,
PRI,Puerto Rico,63.56321760429937,44.702829197945036,22.122525959354007,69.67147172063612,57.08929213654872,121.93674931231261,154.1757171398301,38.66261189254511,59.116773736340825,47.85682542403395,6.754124024602394,
QAT,Qatar,51.892768820623495,46.17312169426838,39.325364174740244,42.9123469396815,57.9842300146575,171.36384136474294,187.2942978564748,84.78423500977321,73.7747510428039,59.67583271046678,5.152379234103852,
COG,Republic of the Congo,52.042002881537954,37.79756428744277,20.74363432649923,49.2605157806787,37.314531672086716,21.688357813452456,90.45776306790215,49.87951062778052,68.51851851851852,77.58620689655173,40.6434159677078,
REU,Reunion,,,21.236708228481184,85.42814291065973,66.65310924757341,,,53.92902813299231,71.29629629629628,32.97217868338558,7.487807463952501,
ROU,Romania,41.47355560294645,27.964477108837816,11.790945456216626,40.49855184107372,44.06185164248529,82.08702817837678,144.38922583392053,67.20833258730579,56.41857099441409,58.3040838246201,10.373108303571604,
RUS,Russia,37.82166947660096,26.137921339537684,12.149737734086258,37.89280743944891,36.04653962504444,67.14439995538964,118.31348767336058,61.818725954230665,61.69774727023618,58.73072548667322,12.755462814715816,
RWA,Rwanda,25.18512215800473,19.50005810009245,12.693704615069606,23.939398869296312,21.9322187229506,27.398762924939273,117.93482481223869,73.99198122780531,74.4949494949495,43.25431034482758,53.87802368151713,
SHN,Saint Helena,,,,,,,,77.05882352941177,69.44444444444444,15.517241379310345,,
KNA,Saint Kitts And Nevis,,,45.03443452212982,,,,,59.97899159663865,50.0,36.206896551724135,20.269125,
LCA,Saint Lucia,,,11.213903264762699,77.07249920415585,46.13555485734523,,,39.16531039293187,49.900793650793645,46.22331691297208,0.9159153610965953,
VCT,Saint Vincent And The Grenadines,58.80480838339217,36.116116054244365,8.95243618502999,79.04493177187408,46.656491179620176,60.554485337593476,,62.22147950089126,31.944444444444443,,2.8492704044231614,
SPM,Saint-Pierre And Miquelon,,,21.788494784717532,,,,,,,55.172413793103445,,
WSM,Samoa,,,11.372305643788144,,96.40824915143702,,,57.942792501616026,55.55555555555556,39.94252873563218,230.0505550498788,
SMR,San Marino,,,13.921999265040297,,58.973039449260625,,,77.65460030165912,83.33333333333333,15.360501567398119,3.889163507045414,
STP,Sao Tome And Principe,,,7.525436558792907,72.84414754212071,59.41454632269726,,,76.89542483660132,86.11111111111111,68.96551724137932,17.069309217135636,
SAU,Saudi Arabia,44.24547175187081,30.206359111707464,13.398252418166612,42.28043949464573,34.38260683363664,141.13573856674967,167.13185768768946,76.75122757130246,62.23237654207919,61.983624920643145,4.32163621973287,
SEN,Senegal,50.68996445469153,37.31594869355246,21.304118772675988,48.77816617457748,44.478731905468216,22.921962979104926,61.102350410223124,48.90707909812929,47.72727272727273,95.87225076657778,37.67400491610518,
SRB,Serbia,43.61849680053134,29.492121105845097,12.579540093419658,40.59522121803839,42.76642685565887,67.385126927699,129.00717361824928,63.05986898169175,52.016970291205325,65.72936805809513,14.46220954686626,
SYC,Seychelles,63.56299276256349,46.56908389985915,26.223393924590127,73.86293703172176,66.73222180668955,35.08482663559669,138.66173701165664,55.010185892538836,63.19444444444444,36.71399594320487,5.266473822682831,
SLE,Sierra Leone,,,21.08256006085463,39.30802492848374,27.609907753793117,,,31.818181818181817,31.11111111111111,106.03448275862068,4.076831070328807,
SGP,Singapore,89.48550109138225,79.71606398740289,68.01975914333754,80.80539553652866,55.341893307517154,113.86754485452985,158.23310565331272,77.66212863481906,71.8774578202169,32.37417354233799,23.036243285929142,
SXM,Sint Maarten,,,84.04372753590972,90.18799884100765,67.37191631891525,,,66.69934640522877,56.48148148148148,79.48275862068965,20.61152980330652,
SVK,Slovakia,50.57942970361946,35.34589523033504,17.107785792122122,51.907939948362056,43.699934927336614,81.26023151559839,158.6016475841507,68.84143189809578,58.21380911269091,36.74531811958557,12.957315353160318,
SVN,Slovenia,55.11367657164665,39.211980620128266,20.17392536607071,54.001587650808716,51.79156395478497,93.40387728567505,182.6437713819484,75.50339631410763,66.21219510522603,22.712211495210116,12.658277850207945,
SLB,Solomon Islands,105.15471421531706,66.05519114898135,19.2439024151454,68.9365269241076,46.53805530226729,13.296375640171052,0.0,36.127450980392155,45.138888888888886,78.19528219636312,884.955383480826,
SOM,Somalia,,,3.7445619134134023,29.424873273965797,25.818009191977897,,,37.931313928827606,40.49145299145299,63.407961603613785,132.49257916266345,
ZAF,South Africa,38.473822729176014,26.844814971872044,12.922168424710707,34.274439952562,35.97384021460866,117.53772722895619,153.11529341541518,25.433270463345252,63.96139906908824,56.74532596931045,3.2214311750627265,
KOR,South Korea,61.85133964692988,40.61761226246834,15.195866278426065,78.96409232348502,35.312016535207896,118.69271636282517,151.2403242866418,70.91591132522643,82.88079407767357,57.1815533023625,24.726189239533607,
SSD,South Sudan,,,,,,,,20.372715164203818,23.61111111111111,56.46551724137931,2.0757825370675453,
ESP,Spain,53.1134084819042,39.26297704291929,22.6807659484635,52.87966119488567,56.638442842528534,113.23130195367868,187.06698775622402,62.186796460163066,76.71370047632715,35.86120417843447,8.54561625953897,
LKA,Sri Lanka,33.13946932964769,21.386850552771214,7.316212657529345,47.87121920754993,22.122191902346543,20.59610568577723,61.764169673736035,57.54266129393384,70.68408978659333,57.848779296136094,56.03652168472315,
SDN,Sudan,30.38547020504713,22.53531059271175,13.136830524392904,42.683213890979104,23.667577045353365,19.200594301021987,62.13884874308273,54.425428327560155,52.48567019400353,67.54789272030652,37.49304663163523,
SUR,Suriname,42.75912854655501,28.023133780364322,10.380695927346943,52.83626808018518,39.894630377140686,20.58477300771081,109.3062025032901,47.191861675468914,42.622549019607845,51.146267525577876,8.177039051918351,
SWE,Sweden,71.56478459331258,49.29417642855674,22.63104124632466,73.1500221956199,73.31842678590151,143.9656328897685,191.57278550807624,52.14650507161158,68.3313555597736,17.53883226247887,7.855743863978069,
CHE,Switzerland,114.46844686615859,85.44452399775118,50.6960890545284,115.4440558107109,114.57181768938783,186.89710109303903,210.01647685874516,72.6913251908024,70.46051203117293,25.099482825284703,10.817200464637562,
SYR,Syria,25.533730971797564,16.188719642543,5.00055187864141,27.6239345907246,21.52496063454965,6.5764302808010235,0.0,32.19787505429824,35.69725676956636,75.57706723561296,107.43450869708082,
TWN,Taiwan,49.999164913696184,33.53042813316286,13.813492169336591,66.7584394920714,27.151390945791746,105.06393221341949,157.30865203916284,83.00223985280358,87.10138339657136,63.956856423524165,25.13178692222324,
TJK,Tajikistan,27.6477307350616,19.291957269477006,9.288138971530122,35.714508779112826,19.68275736923552,42.467822969852605,133.72010386322157,51.09979889391655,65.32738095238095,54.02298850574712,11.407355492058882,
TZA,Tanzania,25.74431061119244,17.873930480735403,8.451241715278874,26.035410825012544,20.293303802696336,28.69818119480863,87.34433241673953,46.50393970217013,43.64478114478115,62.014000581350416,27.07109333649585,
THA,Thailand,38.356020978289536,27.078128991466738,13.575850275470799,45.58688710454388,25.05810682753039,47.60954262170451,106.18557200271182,63.523300628212745,77.51133096851474,75.58325182377686,25.091330659276128,
TLS,Timor-Leste,,,27.237808060501656,46.52827378675428,37.724283261991594,,,54.258769757451596,52.68518518518518,60.35166940339354,,
TGO,Togo,,,6.74132418092581,,31.47948756445661,,,54.8425430778372,54.166666666666664,83.1609195402299,,
TON,Tonga,50.86107323429716,32.23253444147656,9.929809504378955,54.51492850098555,47.65734933684414,44.111840327214814,,39.01960784313726,62.268518518518526,,2.437577697789117,
TTO,Trinidad And Tobago,52.93275273157455,35.31052697288033,14.212594480877048,56.36054344579582,47.58963106609907,50.55225950504338,85.98654502260557,28.847911133559794,53.62837629748497,66.78480141320799,15.137357504772156,
TUN,Tunisia,29.88779020372413,18.666150504845486,5.231218955423046,36.52956167713304,18.06061687569996,38.30287780788263,118.90846543697094,55.50465826149135,56.62811475846069,69.48387146264234,12.415965912499702,
TUR,Turkey,39.62215895846396,27.34706359699029,12.650898832360447,40.33834986449001,37.58185093093112,81.49677860515612,145.39097108184157,58.546041497051895,71.31981496481589,63.85753844448677,6.776035295847108,
TKM,Turkmenistan,104.04590920623826,67.03761091168275,22.730008129030132,117.2844320621748,89.40580628253437,19.203951573971743,105.05622642481954,52.678115283993016,49.826388888888886,38.15308254963428,25.972993827160494,
TCA,Turks And Caicos Islands,,,40.0719856196312,,82.57904599225414,,,51.1200145692952,54.62962962962964,32.758620689655174,,
TUV,Tuvalu,,,,,,,,81.51960784313725,100.0,6.0344827586206895,,
UGA,Uganda,27.367871317795036,19.589819489799623,10.277669331617242,29.795834674849658,25.35094632810183,21.176936102096413,74.99569332992934,45.87600516656909,49.82842827670414,84.17940667280317,27.896176811219668,
UKR,Ukraine,28.33541689552266,18.97181144264457,7.761382156825773,29.594172186482332,25.747635539883866,53.267321840483476,118.45367963637864,53.0589164080332,55.79964956386171,62.18943736638766,12.182098562717751,
ARE,United Arab Emirates,54.80748250688217,46.43282294619146,36.406393568064196,45.86332772899002,53.847837365429676,145.65859125342286,181.0196450505574,85.35615171296674,70.7198456408879,48.30203980147485,7.017178044493678,
GBR,United Kingdom,69.73108971157764,52.45042981166409,31.761431669317087,65.58969792200664,74.26848764678388,133.27844168879818,178.3942677382502,51.76528910452793,72.5363664678292,40.59708864256822,7.982475407204837,
USA,United States,69.40484439898296,55.26496332709829,38.336213214338244,75.83785782599122,72.29586854027903,160.33060023405673,189.3448224909748,50.717005191824946,66.94120344601045,37.21965833175532,3.515552749889541,
URY,Uruguay,56.580404490620815,37.34749822968214,14.321203851509404,56.69853453152908,60.87567957870318,57.9067318606651,139.67007480250766,47.40361567318904,68.51417942496894,42.77378871494658,13.229209896859734,
VIR,Us Virgin Islands,114.54349269359227,83.1785416846978,45.62734763793172,133.28810063677645,96.70349415080642,94.52436018977765,,40.82758132390485,45.370370370370374,15.270935960591133,14.041361345865807,
UZB,Uzbekistan,27.343266054088378,19.80030122767377,10.769605282881669,30.341721997477855,23.77938092309825,50.50061276248285,131.24617518670405,73.9061217868249,64.49027931586072,61.0667261336721,14.00316066242482,
VUT,Vanuatu,,,42.76058470178315,85.38083360936596,58.76737121806897,,,58.35434173669468,40.50925925925927,40.14367816091954,48.9948095196904,
VAT,Vatican City,,,,,,,,43.577350057670124,100.0,46.32183908045977,,
VEN,Venezuela,38.57431718147984,24.10816551259135,6.788793061656093,44.31206880768304,41.069661724630805,18.880324584872024,76.07587370251214,19.49367219162893,39.41529494390975,73.39813046429074,14.599608437258299,
VNM,Vietnam,27.238309274853968,19.35448833878258,9.915707780304398,33.017929893420785,16.116943342525175,44.84722152325914,91.0615902139864,59.96526298969212,62.33777490872743,83.71988433994615,32.19520740712189,
WLF,Wallis And Futuna,,,31.692356050498233,,,,,47.05882352941177,,,,
ESH,Western Sahara,,,,,,,,65.9313725490196,,,,
YEM,Yemen,54.970417892158395,32.65289126468684,5.933583691262012,68.32073881667603,37.69101794189709,18.08326112975074,72.56493373630803,38.415360197290376,24.030367780367783,85.11494252873563,18.98735812657416,
ZMB,Zambia,30.160318231852944,23.656608237279087,15.870143786533461,32.23148039891102,22.455517534013175,33.52119302298659,,52.41650567968337,56.57952069716776,81.2332555526748,46.45463990892436,
ZWE,Zimbabwe,35.93836982752623,23.886042074481402,9.456582323644616,35.63784693098316,34.320781117683595,28.76857407869698,101.22938594421649,39.08983568422722,44.59130744994032,78.735829939559,9.41249709708694,
